"batchPosition","ccdId","name","formula","grade","conclusion","synthesisEvidence","cyclicEvidence","oralEvidence","recommendation","pdbStatus","pdbExamples","sources"
"1","HYP","4-HYDROXYPROLINE","C5 H9 N O3","B","确认为肽中常见的羟脯氨酸构件；独立保护单体与目标环肽条件仍应另行核查","大量PDB聚合物记录确认HYP作为残基进入胶原和毒素肽；PDB身份不自动证明任一保护形式均适合SPPS。","本批代表记录为二硫键约束conotoxin，属于受约束肽证据，但不足以归为通用头尾环肽单体证据。","未找到可归因于HYP单点的口服暴露证据。","适合Pro位点转角、氢键和极性扫描；闭环与顺反异构影响需在具体序列中测定。","short-polymer","1AG7 / 1AS5 / 1AV3 / 1BDK / 1BKV","受约束肽结构｜PDB 1AG7 · Conotoxin GS｜https://www.rcsb.org/structure/1AG7；肽中使用｜PDB 1BKV · Collagen｜https://www.rcsb.org/structure/1BKV"
"2","DAL","D-ALANINE","C3 H7 N O2","A","确认为D-构型肽残基，并有环状天然产物和环肽骨架直接结构记录","D-Ala在多类天然产物及合成肽中作为明确残基出现；具体保护单体和偶联条件仍取决于序列。","PDB 1AJ1为含D-Ala的lantibiotic actagardine；PDB 1BCK为环孢素类似物环境。","环孢素具有完整骨架口服先例，但不能把口服性归因于D-Ala。","适合L/D反转和蛋白酶稳定性扫描，需同时评估构象与活性损失。","short-polymer","10TL / 10TM / 148L / 1AJ1 / 1BCK","交联环肽结构｜PDB 1AJ1 · Lantibiotic actagardine｜https://www.rcsb.org/structure/1AJ1；环肽结构｜PDB 1BCK · 2-Thr cyclosporin｜https://www.rcsb.org/structure/1BCK；完整骨架口服先例｜DailyMed · Cyclosporine oral solution prescribing information｜https://dailymed.nlm.nih.gov/dailymed/lookup.cfm?setid=f3dc2a50-1084-4190-a6f3-37034a04db86"
"3","AIB","ALPHA-AMINOISOBUTYRIC ACID","C4 H9 N O2","B","确认为可进入肽的α,α-二取代构象限制残基；本批代表结构以线性peptaibol为主","多种peptaibol与肽抗生素结构确认Aib可被连续引入肽链。","代表结构alamethicin和zervamicin主要为线性螺旋肽，不能据此声称直接环肽使用。","未找到口服证据。","适合螺旋诱导和蛋白酶稳定性扫描；应补查目标闭环方式、消旋与偶联效率。","short-polymer","1AI1 / 1AMT / 1DLZ / 1EE7 / 1EFR","肽抗生素结构｜PDB 1AMT · Alamethicin｜https://www.rcsb.org/structure/1AMT；peptaibol结构｜PDB 1DLZ · Zervamicin IIB｜https://www.rcsb.org/structure/1DLZ"
"4","DPR","D-PROLINE","C5 H9 N O2","A","确认为D-Pro构象单元，并有天然环五肽直接结构证据","D-Pro在多种合成肽和天然环肽中作为明确残基出现。","PDB 1H0G为天然环五肽argadin与chitinase复合物。","未找到口服证据。","适合β-turn和D/L反转扫描；需关注顺反酰胺与闭环构象。","short-polymer","1BFW / 1H0G / 1IC9 / 1ICL / 1ICO","环肽结构｜PDB 1H0G · Natural product cyclopentapeptide argadin｜https://www.rcsb.org/structure/1H0G；肽中使用｜PDB 1BFW · Retro-inverso peptide｜https://www.rcsb.org/structure/1BFW"
"5","DLE","D-LEUCINE","C6 H13 N O2","B","确认为D-Leu肽残基；本批高频代表结构主要来自线性gramicidin","PDB聚合物序列广泛确认D-Leu进入肽链。","本批代表PDB为gramicidin D线性肽，未据此确认直接环肽使用。","未找到口服证据。","适合疏水位点D/L反转和蛋白酶稳定性扫描，闭环适配需单独验证。","short-polymer","1AL4 / 1ALX / 1ALZ","线性肽结构｜PDB 1AL4 · Gramicidin D｜https://www.rcsb.org/structure/1AL4"
"6","DVA","D-VALINE","C5 H11 N O2","A","确认为D-Val肽残基，并有actinomycin环状depsipeptide直接结构证据","D-Val作为明确残基存在于天然产物肽和合成肽。","PDB 1A7Y为actinomycin D，其含环状depsipeptide部分。","未找到能归因于D-Val的口服证据。","适合小疏水位点D/L扫描；天然产物环境不等同于通用SPPS条件。","short-polymer","173D / 1A7Y / 1A7Z / 1AL4 / 1ALX","环状depsipeptide结构｜PDB 1A7Y · Actinomycin D｜https://www.rcsb.org/structure/1A7Y；肽中使用｜PDB 1AL4 · Gramicidin D｜https://www.rcsb.org/structure/1AL4"
"7","MVA","N-METHYLVALINE","C6 H13 N O2","A","确认为N-甲基Val构件，并有环孢素和actinomycin类宏环直接结构证据","PDB确认N-Me-Val进入多类宏环天然产物；不自动证明商业保护单体或任意序列偶联可行。","PDB 1BCK与1A7Y分别提供环孢素类似物和actinomycin D环境。","环孢素具有完整骨架口服先例；单个N-Me-Val的贡献不能从这些结构单独归因。","适合同时扫描氢键供体屏蔽与疏水性，需监测偶联困难和构象改变。","short-polymer","173D / 185D / 1A7Y / 1A7Z / 1BCK","环肽结构｜PDB 1BCK · 2-Thr cyclosporin｜https://www.rcsb.org/structure/1BCK；环状depsipeptide结构｜PDB 1A7Y · Actinomycin D｜https://www.rcsb.org/structure/1A7Y；完整骨架口服先例｜DailyMed · Cyclosporine oral solution prescribing information｜https://dailymed.nlm.nih.gov/dailymed/lookup.cfm?setid=f3dc2a50-1084-4190-a6f3-37034a04db86"
"8","DPN","D-PHENYLALANINE","C9 H11 N O2","A","确认为D-Phe肽残基，并有金属配位闭环肽直接结构证据","D-Phe在合成肽、逆向肽和多类天然产物中有明确使用记录。","PDB 1B0Q为经铼配位形成的环化α-MSH类似物。","未找到口服证据。","适合芳香位点D/L反转和蛋白酶稳定性扫描；金属配位闭环不能外推到其他闭环方式。","short-polymer","1ABI / 1B0Q / 1BFW / 1GO9 / 1GOE","环肽结构｜PDB 1B0Q · Dithiol alpha-melanotropin peptide cyclized by rhenium coordination｜https://www.rcsb.org/structure/1B0Q；肽中使用｜PDB 1BFW · Retro-inverso peptide｜https://www.rcsb.org/structure/1BFW"
"9","SAR","SARCOSINE","C3 H7 N O2","A","确认为Sar/N-甲基甘氨酸构件，并有actinomycin环状depsipeptide直接证据","Sar在多种合成肽和天然产物中作为N-取代残基出现。","PDB 1A7Y为含Sar的actinomycin D环状depsipeptide。","未找到可归因于Sar单点的口服证据。","适合降低氢键供体与调节骨架柔性；需评估局部构象和偶联动力学。","short-polymer","11MG / 11MH / 173D / 1A7Y / 1A7Z","环状depsipeptide结构｜PDB 1A7Y · Actinomycin D｜https://www.rcsb.org/structure/1A7Y；肽中使用｜PDB 11MG · Compstatin analog Cp60｜https://www.rcsb.org/structure/11MG"
"10","DTY","D-TYROSINE","C9 H11 N O3","A","确认为D-Tyr肽残基，并有工程化环肽直接结构证据","D-Tyr在合成肽和天然产物衍生肽中有明确残基记录。","PDB 1D7T为工程化contryphan环肽。","未找到口服证据。","适合芳香极性位点D/L反转；应区分二硫键环化与头尾闭环。","short-polymer","11MG / 11MH / 1C4B / 1D7T / 1UNO","环肽结构｜PDB 1D7T · Engineered contryphan cyclic peptide｜https://www.rcsb.org/structure/1D7T；环肽结构｜PDB 1C4B · Beta-hairpin mimic cyclo(RD-262)｜https://www.rcsb.org/structure/1C4B"
"11","DLY","D-LYSINE","C6 H14 N2 O2","A","确认为D-Lys肽残基，并有环化β-hairpin模拟物直接结构证据","D-Lys进入受约束肽和全D肽的PDB记录明确。","PDB 1C4B为cyclo(RD-262) β-hairpin模拟物。","未找到口服证据。","可用于D/L反转和侧链闭环把手设计；侧链保护与电荷效应需单独优化。","short-polymer","1C4B / 1YWH / 22EM / 22ES / 2KQL","环肽结构｜PDB 1C4B · Beta-hairpin mimic cyclo(RD-262)｜https://www.rcsb.org/structure/1C4B；全D肽结构｜PDB 2KQL · All-D maurocalcine｜https://www.rcsb.org/structure/2KQL"
"12","DSN","D-SERINE","C3 H7 N O3","A","确认为D-Ser肽残基，并有环孢素衍生物和环状抗生素环境直接证据","D-Ser在天然产物肽、逆向肽和合成肽中作为明确残基出现。","PDB 1CYN为D-Ser取代的环孢素衍生物；185D/1PFE属于环状quinoxaline抗生素环境。","环孢素母体有口服先例，但D-Ser衍生物及单点贡献未被证明。","适合D/L反转及极性位点扫描；羟基保护和闭环条件需核查。","short-polymer","185D / 193D / 1BFW / 1CYN / 1PFE","环肽结构｜PDB 1CYN · D-Ser cyclosporin derivative｜https://www.rcsb.org/structure/1CYN；环状抗生素结构｜PDB 1PFE · Echinomycin-DNA complex｜https://www.rcsb.org/structure/1PFE；完整骨架口服先例｜DailyMed · Cyclosporine oral solution prescribing information｜https://dailymed.nlm.nih.gov/dailymed/lookup.cfm?setid=f3dc2a50-1084-4190-a6f3-37034a04db86"
"13","MLE","N-METHYLLEUCINE","C7 H15 N O2","A","确认为N-Me-Leu宏环构件，并有大量环孢素直接结构记录","多种环孢素及其衍生物PDB结构确认N-Me-Leu进入宏环骨架。","PDB 1CWA为cyclophilin A-cyclosporin A复合物。","环孢素具有完整骨架口服先例；不能把口服性单独归因于N-Me-Leu。","是N-甲基扫描的重要起点，需结合具体位点的顺反构象、溶解度和偶联效率评价。","short-polymer","1BCK / 1C5F / 1CSA / 1CWA / 1CWB","环肽结构｜PDB 1CWA · Cyclophilin A-cyclosporin A complex｜https://www.rcsb.org/structure/1CWA；环肽结构｜PDB 1CWB · Modified cyclosporin complex｜https://www.rcsb.org/structure/1CWB；完整骨架口服先例｜DailyMed · Cyclosporine oral solution prescribing information｜https://dailymed.nlm.nih.gov/dailymed/lookup.cfm?setid=f3dc2a50-1084-4190-a6f3-37034a04db86"
"14","DTR","D-TRYPTOPHAN","C11 H12 N2 O2","A","确认为D-Trp肽残基，并有contryphan环肽直接结构证据","D-Trp在合成D肽及天然受约束肽中有明确使用记录。","PDB 1DFY、1DFZ和1DG0均为contryphan环肽构象。","未找到口服证据。","适合芳香疏水位点D/L反转和转角设计；需关注体积、氧化与溶解度。","short-polymer","1CZQ / 1DFY / 1DFZ / 1DG0 / 1NXN","环肽结构｜PDB 1DFY · Contryphan-Sm cyclic peptide｜https://www.rcsb.org/structure/1DFY；环肽结构｜PDB 1DG0 · Des-Gly1-contryphan-R｜https://www.rcsb.org/structure/1DG0"
"15","DTH","D-THREONINE","C4 H9 N O3","A","确认为D-Thr肽残基，并有全D环状knottin直接结构证据","D-Thr作为全D肽和天然产物肽残基的结构记录明确。","PDB 2JUE为全D kalata B1，属于头尾环化且含二硫键的cyclotide。","未找到口服证据。","适合全D或局部D扫描；β-支化和侧链羟基会增加偶联与构象复杂性。","short-polymer","2JUE / 2KQL / 2L9X / 2Q33","环状knottin结构｜PDB 2JUE · All-D kalata B1｜https://www.rcsb.org/structure/2JUE；全D肽结构｜PDB 2KQL · All-D maurocalcine｜https://www.rcsb.org/structure/2KQL"
"16","DCY","D-CYSTEINE","C3 H7 N O2 S","A","确认为D-Cys肽残基，并有硫肽宏环和合成环肽直接结构证据","D-Cys可进入全D肽及受约束肽；巯基保护和氧化状态必须作为合成条件记录。","PDB 1E9W为thiostrepton宏环；PDB 1PCG为螺旋稳定化环肽。","未找到口服证据。","适合二硫键或化学连接闭环，但反应性、错配和氧化稳定性是主要风险。","short-polymer","1C4B / 1CZQ / 1E9W / 1OLN / 1PCG","宏环结构｜PDB 1E9W · Macrocycle thiostrepton｜https://www.rcsb.org/structure/1E9W；环肽结构｜PDB 1PCG · Helix-stabilized cyclic peptides｜https://www.rcsb.org/structure/1PCG"
"17","MEA","N-METHYLPHENYLALANINE","C10 H13 N O2","A","确认为N-Me-Phe构件，并有天然环五肽argifin直接结构证据","PDB确认N-Me-Phe进入天然环肽和其他肽配体。","PDB 1H0I、1W9V与1WB0为天然环五肽argifin结构。","未找到口服证据。","适合芳香位点N-甲基扫描；应评估偶联困难、顺反酰胺和溶解度。","short-polymer","10TL / 10TM / 1H0I / 1W9V / 1WB0","环肽结构｜PDB 1H0I · Natural product cyclopentapeptide argifin｜https://www.rcsb.org/structure/1H0I；环肽结构｜PDB 1W9V · Argifin-chitinase complex｜https://www.rcsb.org/structure/1W9V"
"18","MAA","N-methyl-L-alanine","C4 H9 N O2","A","确认为N-Me-Ala构件，并有环孢素衍生物及KRAS宏环抑制剂直接结构证据","N-Me-Ala进入多类合成肽和宏环骨架的PDB记录明确。","PDB 24HT为KRAS G12D宏环肽抑制剂AP2527；PDB 1CWI为环孢素衍生物。","环孢素具有完整骨架口服先例；AP2527及单点N-Me-Ala的口服性尚不能由结构推出。","适合小体积位点的氢键供体屏蔽扫描，需与构象和细胞渗透数据配对。","short-polymer","1A7Z / 1CWI / 1D5X / 1PYW / 24HT","宏环肽结构｜PDB 24HT · KRAS G12D macrocyclic peptide inhibitor AP2527｜https://www.rcsb.org/structure/24HT；环肽结构｜PDB 1CWI · N-Me-D-Ala cyclosporin derivative｜https://www.rcsb.org/structure/1CWI；完整骨架口服先例｜DailyMed · Cyclosporine oral solution prescribing information｜https://dailymed.nlm.nih.gov/dailymed/lookup.cfm?setid=f3dc2a50-1084-4190-a6f3-37034a04db86"
"19","ALC","2-AMINO-3-CYCLOHEXYL-PROPIONIC ACID","C9 H17 N O2","B","确认为cyclohexylalanine类疏水肽构件；本批代表记录尚不足以确认直接环肽使用","PDB确认该残基进入寡肽、MHC肽和肽模拟物。","本批代表结构以线性短肽和肽模拟物为主。","未找到口服证据。","适合扩大疏水表面积和芳香替代扫描；需关注溶解度、聚集及闭环空间冲突。","short-polymer","1B3H / 1D5M / 1D5X / 1D5Z / 1D6E","短肽结构｜PDB 1B3H · Lys-cyclohexylalanyl-Lys｜https://www.rcsb.org/structure/1B3H；肽模拟物结构｜PDB 1D5X · HLA-DR4 dipeptide mimetic｜https://www.rcsb.org/structure/1D5X"
"20","BMT","4-METHYL-4-[(E)-2-BUTENYL]-4,N-METHYL-THREONINE","C10 H19 N O3","A","确认为环孢素特征性N-甲基氨基酸构件，并有大量宏环直接结构记录","Bmt作为环孢素骨架残基在多个PDB结构中被明确建模；天然产物生物合成不等同于通用商业单体供应。","PDB 1CWA、1BCK等提供环孢素宏环直接结构证据。","环孢素具有完整骨架口服先例；Bmt单个残基的贡献不能从整体数据中拆分。","适合作为环孢素式疏水N-甲基构件参考，实验前需核查立体选择性来源和保护策略。","short-polymer","1BCK / 1C5F / 1CSA / 1CWA / 1CWC","环肽结构｜PDB 1CWA · Cyclophilin A-cyclosporin A complex｜https://www.rcsb.org/structure/1CWA；环肽结构｜PDB 1BCK · 2-Thr cyclosporin｜https://www.rcsb.org/structure/1BCK；完整骨架口服先例｜DailyMed · Cyclosporine oral solution prescribing information｜https://dailymed.nlm.nih.gov/dailymed/lookup.cfm?setid=f3dc2a50-1084-4190-a6f3-37034a04db86"
