批次,批内序号,CCD编号,名称,等级,等级说明,结论,合成/单体证据,环肽证据,口服证据,建议,来源数,来源,CCD链接,PDB示例
1,1,STA,STATINE,A,A级：有直接环肽/宏环强证据,保留为高价值候选,已有statine及其保护衍生物的成熟合成与肽偶联应用。,含statine的环六肽系列有直接实验数据。,同系列一个化合物在大鼠中口服生物利用度为21%；结论属于完整环肽骨架，不能归因于单个残基。,优先用于构象预组织、蛋白酶过渡态模拟及溶解度/渗透性平衡设计。,2,"直接环肽/口服证据｜Bockus et al., J Med Chem (2015)｜https://pubmed.ncbi.nlm.nih.gov/25950816/；结构使用证据｜RCSB PDB 1FIV｜https://www.rcsb.org/structure/1FIV",https://www.rcsb.org/ligand/STA,1FIV / 1GVU / 1IZE / 1LS5 / 1LYB
1,2,3WX,2-methyl-L-proline,A,A级：有直接环肽/宏环强证据,保留为临床骨架候选,已在enlicitide的模块化合成和放大路线中实际使用。,是enlicitide复杂宏环/三环骨架中的构象限制残基。,enlicitide为口服活性PCSK9宏环肽并已有临床人体证据；不能把整体口服性单独归因于2-Me-Pro。,优先用于转角、局部刚化和降低骨架氢键供体，但需结合整个大环构象评估。,3,"临床宏环骨架｜Josien et al., J Med Chem (2026)｜https://pubmed.ncbi.nlm.nih.gov/42201324/；人体口服证据｜MK-0616 Phase 1 report｜https://pubmed.ncbi.nlm.nih.gov/37125593/；精确结构位置｜RCSB PDB 10SB｜https://www.rcsb.org/structure/10SB",https://www.rcsb.org/ligand/3WX,10SB / 6XIB / 6XIC / 6XID / 6XIE
1,3,SOQ,N-methyl-L-aspartic acid,A,A级：有直接环肽/宏环强证据,保留，但标记为高极性位置依赖型,N-甲基氨基酸可按常规保护/偶联策略进入环肽；该残基已有宏环结构实例。,在宏环KRAS抑制剂结构中实际出现，并有同骨架环六肽单点替换数据。,N-Me-Asp环六肽类似物RRCK Papp约0.6×10^-6 cm/s，表现偏低；不能视为增渗残基。,只在需要酸性结合点或溶解度时使用，并优先考虑侧链电荷埋藏。,2,"环肽渗透性直接证据｜Goetz et al., ACS Med Chem Lett (2014)｜https://pmc.ncbi.nlm.nih.gov/articles/PMC4190640/；宏环肽结构证据｜RCSB PDB 24HR｜https://www.rcsb.org/structure/24HR",https://www.rcsb.org/ligand/SOQ,24HR / 24HS / 7AZ6 / 7AZ7 / 7AZG
1,4,5JP,N-methyl-L-serine,A,A级：有直接环肽/宏环强证据,保留为可用的亲水N-甲基候选,有N-甲基丝氨酸环肽合成和结构使用记录。,在相同环六肽骨架的单点替换系列中被直接测试。,EPSA为83、RRCK Papp约1.6×10^-6 cm/s；有可测被动渗透，但不是该系列最优残基。,适合需要保留羟基和水溶性的位点，不能宣传为普适增渗单元。,1,"环肽渗透性直接证据｜Goetz et al., ACS Med Chem Lett (2014)｜https://pmc.ncbi.nlm.nih.gov/articles/PMC4190640/",https://www.rcsb.org/ligand/5JP,5E2A / 6DUB / 7NUS / 7TL8
1,5,A1CHA,3-(aminomethyl)-L-phenylalanine,A,A级：有直接环肽/宏环强证据,保留为临床骨架交联残基,已在enlicitide的可放大模块化路线中使用。,额外氨甲基参与enlicitide的复杂交联网络。,所在完整宏环药物具有临床口服活性；额外伯胺本身通常不利于被动扩散。,作为侧链桥连/内酰胺化把手使用，不应当作单纯增脂或增渗残基。,2,"临床宏环骨架｜Josien et al., J Med Chem (2026)｜https://pubmed.ncbi.nlm.nih.gov/42201324/；精确结构位置｜RCSB PDB 10SB｜https://www.rcsb.org/structure/10SB",https://www.rcsb.org/ligand/A1CHA,10SB / 9P5C / 9R9M
1,6,NMK,N-methyl Lysine,A,A级：有直接环肽/宏环强证据,保留，但标记为带正电位置依赖型,N-Me-Lys已用于环肽N-甲基化扫描和生长抑素类似物。,NMR结构6HVC为含N-Me-Lys的环状urotensin肽；另有N-甲基环六肽系统数据。,单点环肽RRCK Papp约0.3×10^-6 cm/s；但含N-Me-Lys的三N-甲基生长抑素类似物约10%口服生物利用度。,仅在正电荷参与结合或可被构象埋藏时使用。,3,"环肽渗透性直接证据｜Goetz et al., ACS Med Chem Lett (2014)｜https://pmc.ncbi.nlm.nih.gov/articles/PMC4190640/；口服环肽骨架｜Biron et al., Angew Chem Int Ed (2008)｜https://pubmed.ncbi.nlm.nih.gov/18297660/；环肽结构证据｜RCSB PDB 6HVC｜https://www.rcsb.org/structure/6HVC",https://www.rcsb.org/ligand/NMK,6HVC / 7AA4
1,7,BAL,BETA-ALANINE,B,B级：可进入肽，但缺少口服环肽直接证据,保留为β-氨基酸/间隔单元,β-丙氨酸可用标准肽化学进入α/β肽，也是天然肽抗生素efrapeptin的组成单元。,存在环肽和环状低聚物应用，但当前CCD命中主要证明肽中使用。,未找到该残基在可口服环肽中的直接归因证据。,用于延长骨架和调节转角；注意柔性增加可能不利于被动渗透。,1,天然肽使用证据｜RCSB PDB 1EFR / PNAS｜https://www.rcsb.org/structure/1EFR,https://www.rcsb.org/ligand/BAL,1EFR / 1FGL / 1MCD / 1MCE / 1MCF
1,8,XCP,"(1S,2S)-2-aminocyclopentanecarboxylic acid",B,B级：可进入肽，但缺少口服环肽直接证据,保留为高价值构象限制β-氨基酸,有全立体异构体的规模化合成，且文献明确说明兼容标准SPPS。,已用于α/β肽、受体配体和RaPID非标准肽库；目前最强证据是稳定螺旋与细胞进入，不是口服宏环。,未找到直接口服暴露数据。,优先用于螺旋稳定、抗蛋白酶和细胞进入设计；口服价值仍需在具体环肽中验证。,3,"细胞进入/稳定性｜Kawai et al., RSC Chem Biol (2025)｜https://doi.org/10.1039/D5CB00021A；合成与SPPS兼容性｜Scalable ACPC stereoisomer synthesis｜https://doi.org/10.1021/acs.joc.3c02991；肽中使用证据｜RCSB PDB 25NV｜https://www.rcsb.org/structure/25NV",https://www.rcsb.org/ligand/XCP,25NV / 25NX / 3C3H / 3F4Z / 3F50
1,9,ASJ,(3S)-3-amino-4-hydroxybutanoic acid,C,C级：特殊片段，需限制用途,降级为末端抑制剂/特殊用途片段,结构上可作为β-氨基酸样单元，但当前命中主要来自醛型或末端抑制剂体系。,未找到作为普通内部残基的可靠环肽应用。,未找到直接证据。,不要进入通用残基推荐库；仅在末端醛/半醛及蛋白酶抑制剂专题中保留。,2,caspase肽醛抑制剂结构｜RCSB PDB 1F1J｜https://www.rcsb.org/structure/1F1J；身份核对｜PubChem CID 1502045｜https://pubchem.ncbi.nlm.nih.gov/compound/1502045,https://www.rcsb.org/ligand/ASJ,1F1J / 1IAU / 1PAU / 1PYO / 1QTN
1,10,XPC,"(3S,4R)-4-aminopyrrolidine-3-carboxylic acid",B,B级：可进入肽，但缺少口服环肽直接证据,保留为构象限制β-氨基酸,已有Fmoc保护体和SPPS进入α/β肽的直接方法。,用于α/β肽螺旋束、细胞穿透肽及环肽类似物研究。,未找到直接口服证据。,适合刚化骨架并提供可衍生的环内氮；需要单独评估碱性和渗透性。,2,SPPS与细胞进入证据｜RSC Org Biomol Chem (2015)｜https://doi.org/10.1039/C5OB00389J；α/β肽结构证据｜RCSB PDB 3C3H｜https://www.rcsb.org/structure/3C3H,https://www.rcsb.org/ligand/XPC,3C3H / 3F4Z / 3F50 / 3FDM / 3G7A
1,11,PSA,3-HYDROXY-4-AMINO-5-PHENYLPENTANOIC ACID,B,B级：可进入肽，但缺少口服环肽直接证据,保留为蛋白酶过渡态模拟残基,AHPPA/phenylstatine有成熟保护和肽偶联记录。,当前强证据主要是线性肽样蛋白酶抑制剂，不是口服环肽。,未找到直接证据。,适合蛋白酶靶点和过渡态模拟，不应外推为普适口服残基。,2,肽样抑制剂证据｜Peptide substrates and inhibitors of HIV-1 protease｜https://doi.org/10.1016/0006-291X(89)90008-9；结构证据｜RCSB PDB 1EPL｜https://www.rcsb.org/structure/1EPL,https://www.rcsb.org/ligand/PSA,1EPL / 1EPM / 2IFW / 3UQP / 3UQR
1,12,V7T,(2R)-6-azanyl-2-carbamimidamido-hexanoic acid,A,A级：有直接环肽/宏环强证据,保留为宏环蛋白酶抑制剂残基,在MI系列宏环Zika病毒蛋白酶抑制剂中完成合成和优化。,7O55等多条PDB结构直接证明进入宏环抑制剂。,未找到口服暴露证据。,作为高极性、酶口袋定向残基使用；不适合默认用于被动渗透优化。,1,"宏环抑制剂直接证据｜Huber et al., J Med Chem (2022) / RCSB 7O55｜https://www.rcsb.org/structure/7O55",https://www.rcsb.org/ligand/V7T,7O55 / 7OBV / 7OC2 / 7PFQ / 7PFY
1,13,L2O,"(2S,3R)-3-amino-2-hydroxy-5-methylhexanoic acid",B,B级：可进入肽，但缺少口服环肽直接证据,保留为天然肽样抑制剂残基,有光学纯保护衍生物合成，并已与Val-Val-Asp偶联制备amastatin。,当前直接证据为线性四肽amastatin，不是环肽。,未找到直接证据。,适合氨肽酶抑制和过渡态模拟专题，进入环肽需重新验证偶联与构象。,2,"合成与肽偶联｜Rich et al., J Org Chem (1980)｜https://doi.org/10.1021/jo01300a004；amastatin结构证据｜RCSB PDB 1BLL｜https://www.rcsb.org/structure/1BLL",https://www.rcsb.org/ligand/L2O,1BLL / 1Y0Y / 4FYT / 4KX8 / 4Q4I
1,14,3FB,(3S)-3-AMINO-4-PHENYLBUTANOIC ACID,B,B级：可进入肽，但缺少口服环肽直接证据,保留为疏水β-氨基酸,β-高苯丙氨酸可进入α/β肽和功能性折叠体。,目前主要是α/β螺旋模拟物，不是环肽直接证据。,未找到直接证据。,可用于疏水结合面和抗蛋白酶设计；进入宏环后需重新优化闭环几何。,2,α/β肽功能结构｜RCSB PDB 4A1W / JACS｜https://www.rcsb.org/structure/4A1W；类别证据｜β-amino acid medicinal chemistry perspective｜https://doi.org/10.1021/jm5010896,https://www.rcsb.org/ligand/3FB,4A1W / 4WPB / 6J67 / 7JFR / 8DL7
1,15,A1CK7,3-amino-3-methylbutanoic acid,A,A级：有直接环肽/宏环强证据,保留为宏环RAS抑制剂残基,已在UM0140401宏环肽中实际合成和结构解析。,9PU1等结构直接证明进入H/KRAS宏环抑制剂。,未找到口服暴露证据。,适合引入β位 gem-二甲基约束；常规偶联可能较困难，需保留专用合成条件。,1,宏环抑制剂直接证据｜RCSB PDB 9PU1 / ACS Med Chem Lett｜https://www.rcsb.org/structure/9PU1,https://www.rcsb.org/ligand/A1CK7,9PU1 / 9PUN / 9PUQ / 9PUT / 9PUZ
1,16,0JY,4-methyl-L-leucine,B,B级：可进入肽，但缺少口服环肽直接证据,保留为疏水α-氨基酸,已有商品和设计肽中的实际使用。,当前强证据来自de novo coiled-coil肽，不是环肽。,未找到直接证据。,可作为高疏水侧链扫描单元；需防止溶解度下降和过度脂溶。,1,设计肽使用证据｜RCSB PDB 4G4L / Protein Science｜https://www.rcsb.org/structure/4G4L,https://www.rcsb.org/ligand/0JY,4G4L / 5GTR / 7Z8O / 9GXE / 9GXG
1,17,CSI,AMINO-(2-IMINO-HEXAHYDRO-PYRIMIDIN-4-YL)-ACETIC ACID,C,C级：特殊片段，需限制用途,降级为天然肽样抑制剂特殊残基,在chymostatin类肽醛抑制剂中出现，但结构含氨基甲酰化/环状胍特征，不是普通自由α-氨基酸。,未找到可靠的通用环肽单体证据。,未找到直接证据。,从通用单体库移到特殊天然产物残基/端基抑制剂区。,1,chymostatin肽醛证据｜RCSB PDB 1BCS / J Mol Biol｜https://www.rcsb.org/structure/1BCS,https://www.rcsb.org/ligand/CSI,1BCS / 1M21 / 1SGC / 1WVM / 6M9D
1,18,UQ4,"N-(7-nitro-2,1,3-benzoxadiazol-4-yl)-beta-alanine",EXCLUDE,排除：不是普通氨基酸单体,从氨基酸单体候选中排除,该分子是NBD-β-alanine荧光探针/标签，β-丙氨酸氨基已被NBD取代。,PDB命中来自人工细胞内丝状体等标记体系，不能证明它是普通内部残基。,无相关证据。,仅保留在荧光标签或成像探针专题，不纳入环肽单体库。,2,标记肽结构背景｜RCSB PDB 6X5I / Cell Reports Physical Science｜https://www.rcsb.org/structure/6X5I；用途与身份核对｜NBD-β-alanine identity｜https://adipogen.com/cdx-n0250-nbd-beta-alanine.html,https://www.rcsb.org/ligand/UQ4,6X5I / 7T6E / 8DST / 9NEF / 9NEQ
1,19,ABU,GAMMA-AMINO-BUTANOIC ACID,A,A级：有直接环肽/宏环强证据,保留为环肽间隔/骨架延长单元,GABA已有标准Fmoc固相肽合成和多肽类似物制备记录。,公开论文和专利均有GABA进入环肽/二硫键环肽的实例。,未找到直接口服证据。,适合间隔和环尺寸调节；柔性增加可能降低被动渗透，需配合其他刚化单元。,2,环肽直接证据｜Microcin J25 cyclic derivative (2019)｜https://brieflands.com/journals/ijpr/articles/126167.pdf；环肽专利证据｜US20200223889A1｜https://patents.google.com/patent/US20200223889A1/en,https://www.rcsb.org/ligand/ABU,1QUR / 6DN6 / 7K2O / 7OPM / 8PSR
1,20,PUK,N-[(2S)-2-amino-3-phenylpropyl]-L-phenylalanine,EXCLUDE,排除：不是普通氨基酸单体,从单个氨基酸库排除，转入二肽等排体,PUK是Phe-还原键-Phe类型片段，代表两个残基之间的CH2NH肽键等排替换，不是一个普通氨基酸单体。,命中来自H256等线性蛋白酶抑制剂。,无直接证据。,可在肽键等排体/蛋白酶抑制剂构件库中保留，但不计入非天然氨基酸数量。,2,H256线性抑制剂结构｜RCSB PDB 1GVX｜https://www.rcsb.org/structure/1GVX；Phe-reduced-bond-Phe身份｜Reduced-bond inhibitor comparison｜https://pmc.ncbi.nlm.nih.gov/articles/PMC3943106/,https://www.rcsb.org/ligand/PUK,1GVX / 2ER6 / 3APR / 3URL / 4GYE
2,1,A1APM,alpha-methyl-L-phenylalanine,A,A级：有直接环肽/宏环强证据,保留为宏环构象限制残基,α-甲基苯丙氨酸可按保护氨基酸方式进入肽链。,9BI3直接显示其位于Aβ来源的宏环β-发夹肽中。,未找到直接口服暴露数据。,适合刚化局部构象和降低蛋白酶识别；需监测疏水性和闭环收率。,1,结构与论文入口｜RCSB PDB 9BI3｜https://www.rcsb.org/structure/9BI3,https://www.rcsb.org/ligand/A1APM,9BI3 / 9YM5 / 9YM6 / 9YM7
2,2,EZY,N-[(2-nitrophenyl)methyl]glycine,C,C级：特殊片段，需限制用途,保留为光控N-取代甘氨酸，不列为通用残基,文献采用亚单体法在树脂上构建，而不是直接偶联常规Fmoc单体；后续偶联需要triphosgene等强化条件。,已进入光控Aβ宏环β-发夹肽，但用途是光解保护和控制聚集。,无口服证据；硝基苄基光敏基团不适合作为常规口服优化单元。,移入光控/可脱保护特殊构件区。,2,结构与论文入口｜RCSB PDB 6CG3｜https://www.rcsb.org/structure/6CG3；合成与宏环直接证据｜Macrocyclic photocaging study｜https://pmc.ncbi.nlm.nih.gov/articles/PMC6361387/,https://www.rcsb.org/ligand/EZY,6CG3 / 6CG4 / 6CG5 / 9PUG
2,3,01B,"(2S,3R)-3-amino-2-hydroxy-4-phenylbutanoic acid",B,B级：可进入肽，但缺少口服环肽直接证据,保留为AHPBA类蛋白酶抑制残基,β-羟基-β-高苯丙氨酸类保护体已有肽偶联应用。,当前直接结构来自线性apstatin等肽样抑制剂，不是宏环。,未找到直接口服证据。,适合过渡态模拟和氨肽酶靶点；进入环肽需重新验证构象和偶联。,1,结构与论文入口｜RCSB PDB 1N51｜https://www.rcsb.org/structure/1N51,https://www.rcsb.org/ligand/01B,1N51 / 4S2T / 5JR6 / 6A9U
2,4,1OL,"(2R,4S,5S)-5-amino-4-hydroxy-2,7-dimethyloctanoic acid",B,B级：可进入肽，但缺少口服环肽直接证据,保留为statine样过渡态模拟残基,在BACE蛋白酶抑制剂中作为稳定肽样构件使用。,当前命中主要为线性蛋白酶抑制剂。,未找到直接口服环肽证据。,仅在蛋白酶过渡态模拟方向优先，不作为普适增渗残基。,1,结构与论文入口｜RCSB PDB 1FKN｜https://www.rcsb.org/structure/1FKN,https://www.rcsb.org/ligand/1OL,1FKN / 1M4H / 1XN2 / 2ZHR
2,5,JG3,"1-[(2S,3S)-3-amino-2-hydroxy-4-phenylbutyl]-L-proline",EXCLUDE,排除：不是普通氨基酸单体,从单氨基酸库排除，转入肽键等排体库,JG3是JG-365中Phe-ψ[CH(OH)CH2N]-Pro的羟乙胺肽键等排片段，跨越两个残基。,用于线性七肽来源HIV蛋白酶抑制剂，不是独立单残基环肽证据。,无直接口服证据。,作为蛋白酶抑制剂二残基等排构件保留，不计入NCAA数量。,2,结构与论文入口｜RCSB PDB 2J9J｜https://www.rcsb.org/structure/2J9J；二残基等排体证据｜JG-365 identity｜https://pmc.ncbi.nlm.nih.gov/articles/PMC55048/,https://www.rcsb.org/ligand/JG3,2J9J / 2JE4 / 3GI0 / 7HVP
2,6,LOV,5-AMINO-4-HYDROXY-2-ISOPROPYL-7-METHYL-OCTANOIC ACID,B,B级：可进入肽，但缺少口服环肽直接证据,保留为疏水statine样残基,已用于H261等过渡态类似肽抑制剂。,当前直接证据为线性肽样抑制剂。,未找到直接口服证据。,适合酸性蛋白酶抑制方向；高疏水和延长骨架需结合环尺寸评估。,1,结构与论文入口｜RCSB PDB 1GKT｜https://www.rcsb.org/structure/1GKT,https://www.rcsb.org/ligand/LOV,1GKT / 1OEX / 2ER7 / 8HVP
2,7,Y2Y,"(3S,4R)-3-amino-4-hydroxyheptanedioic acid",C,C级：特殊片段，需限制用途,降级为酶反应中间体/末端抑制片段,结构命中来自caspase ketomethylene抑制剂形成的四面体加合物。,未找到作为稳定独立内部残基的环肽应用。,无直接证据。,不要进入通用合成单体库；仅在caspase机理与末端抑制剂专题中保留。,1,结构与论文入口｜RCSB PDB 6X8I｜https://www.rcsb.org/structure/6X8I,https://www.rcsb.org/ligand/Y2Y,6X8I / 6X8J / 6X8K / 6X8L
2,8,AKZ,"(3S)-3-amino-4,4-dihydroxybutanoic acid",C,C级：特殊片段，需限制用途,降级为末端醛/水合抑制片段,"4,4-二羟基形态对应醛基末端的水合表达，PDB背景为Ac-DEVD-CMK/caspase体系。",不是普通内部残基的环肽使用证据。,无直接证据。,从通用残基推荐中移出，保留于蛋白酶共价/末端抑制剂区。,1,结构与论文入口｜RCSB PDB 4JR0｜https://www.rcsb.org/structure/4JR0,https://www.rcsb.org/ligand/AKZ,4JR0 / 4JR1
2,9,0UO,4-methoxy-L-tryptophan,A,A级：有直接环肽/宏环强证据,保留为天然宏环肽芳香残基,4-甲氧基色氨酸存在于argyrin B等天然产物并可随宏环肽完成全合成。,4FN5直接显示其位于环肽argyrin B。,未找到该残基对口服吸收的直接归因证据。,适合芳香结合面与代谢调节；保留天然宏环来源标签。,1,结构与论文入口｜RCSB PDB 4FN5｜https://www.rcsb.org/structure/4FN5,https://www.rcsb.org/ligand/0UO,4FN5 / 7UG7
2,10,A1A2Y,5-methoxy-L-tryptophan,B,B级：可进入肽，但缺少口服环肽直接证据,保留为芳香氨基酸药效团,5-甲氧基色氨酸样构件已进入Pin1共价抑制/降解化合物。,当前证据不是宏环肽，而是肽样/小分子化合物。,未找到直接口服环肽证据。,可用于芳香扫描，但不能因PDB短链命中标成环肽验证。,2,结构与论文入口｜RCSB PDB 8VJD｜https://www.rcsb.org/structure/8VJD；化合物背景｜Pin1 degrader study｜https://pmc.ncbi.nlm.nih.gov/articles/PMC11588135/,https://www.rcsb.org/ligand/A1A2Y,8VJD / 8VJE
2,11,A1I8R,N-methyl-beta-alanine,A,A级：有直接环肽/宏环强证据,保留为膜渗透宏环的N-取代β-氨基酸,N-甲基β-丙氨酸可作为N-取代延长骨架构件进入宏环。,9QBT/9QDU为KEAP1膜渗透环肽直接结构证据。,有膜渗透证据，但尚不能等同于口服暴露。,优先用于降低骨架供体和调节环尺寸；继续补查PK。,1,结构与论文入口｜RCSB PDB 9QBT｜https://www.rcsb.org/structure/9QBT,https://www.rcsb.org/ligand/A1I8R,9QBT / 9QDU
2,12,PDF,"4,4-difluoro-L-proline",B,B级：可进入肽，但缺少口服环肽直接证据,保留为构象限制含氟脯氨酸,"4,4-二氟脯氨酸可按脯氨酸衍生物进入肽。",当前结构为线性蛋白酶体肽环氧酮抑制剂。,未找到直接口服环肽证据。,适合构象/电子效应扫描；含氟并不自动代表增渗。,1,结构与论文入口｜RCSB PDB 4Y84｜https://www.rcsb.org/structure/4Y84,https://www.rcsb.org/ligand/PDF,4Y84 / 5UU3
2,13,3WT,"(3R,4S,5S)-3-methoxy-5-methyl-4-(methylamino)heptanoic acid",B,B级：可进入肽，但缺少口服环肽直接证据,保留为天然产物型N-甲基γ-氨基酸,该残基位于auristatin/MMAF类肽载荷并有成熟合成应用。,当前PDB为线性auristatin类肽，不是宏环。,无直接口服证据；MMAF用途为细胞毒载荷。,保留于天然产物/ADC载荷残基区，不标为口服候选。,1,结构与论文入口｜RCSB PDB 5J2U｜https://www.rcsb.org/structure/5J2U,https://www.rcsb.org/ligand/3WT,5J2U / 7JFR
2,14,APD,3-METHYLPHENYLALANINE,A,A级：有直接环肽/宏环强证据,保留为PCSK9宏环芳香残基,3-甲基苯丙氨酸兼容宏环肽合成。,6XIE/6XIF直接显示其位于高效PCSK9环肽。,该系列支持宏环药效，但未证明该残基单独提高口服性。,适合疏水口袋和芳环定向扫描。,1,结构与论文入口｜RCSB PDB 6XIE｜https://www.rcsb.org/structure/6XIE,https://www.rcsb.org/ligand/APD,6XIE / 6XIF
2,15,KFB,5-Aminovaleric Acid,B,B级：可进入肽，但缺少口服环肽直接证据,保留为δ-氨基酸/间隔单元,5-氨基戊酸有肽合成级原料并常作间隔臂。,当前PDB为RW16细胞穿透线性肽，不是宏环。,未找到直接口服证据。,用于调节间距和环尺寸；柔性较高，不应默认增渗。,2,结构与论文入口｜RCSB PDB 6RQS｜https://www.rcsb.org/structure/6RQS；合成用途｜Peptide-synthesis grade identity｜https://www.sigmaaldrich.com/US/en/product/aldrich/123188,https://www.rcsb.org/ligand/KFB,6RQS / 7XJO
2,16,MKE,(4S)-4-AMINO-5-OXOHEXANOIC ACID,C,C级：特殊片段，需限制用途,降级为酮酸/蛋白酶反应片段,结构背景为caspase DEVE肽复合物中的氧代酸表达。,未找到稳定独立残基进入环肽的证据。,无直接证据。,移入caspase底物/反应机理专题，不列入通用单体。,1,结构与论文入口｜RCSB PDB 5IC4｜https://www.rcsb.org/structure/5IC4,https://www.rcsb.org/ligand/MKE,5IC4 / 5IC6
2,17,OPR,(5S)-5-amino-8-carbamimidamido-4-oxooctanoic acid,C,C级：特殊片段，需限制用途,降级为非水解肽键模拟片段,OPR位于hirutonin非水解双功能抑制剂中，结构包含Arg样部分与额外酮酸链。,当前为线性双功能抑制剂，不是普通宏环单体。,无直接证据。,保留为肽键等排/连接构件，不进入常规NCAA推荐。,2,结构与论文入口｜RCSB PDB 1IHS｜https://www.rcsb.org/structure/1IHS；非水解连接体背景｜Hirutonin context｜https://www.rcsb.org/structure/1IHT,https://www.rcsb.org/ligand/OPR,1IHS / 1UCY
2,18,TIG,N-(2-aminoethyl)-L-tryptophan,B,B级：可进入肽，但缺少口服环肽直接证据,保留为N-氨乙基色氨酸,N-氨乙基取代后仍可通过末端胺构建N-取代肽骨架。,当前直接证据为HLA结合的线性peptidomimetic ELA-2。,未找到直接口服或宏环证据。,可用于N-取代和带正电侧链扫描，但需验证闭环与选择性保护。,1,结构与论文入口｜RCSB PDB 3O3D｜https://www.rcsb.org/structure/3O3D,https://www.rcsb.org/ligand/TIG,3O3D / 3O3E
2,19,LNT,"N-[(2S)-2-amino-1,1-dihydroxy-4-methylpentyl]-L-threonine",EXCLUDE,排除：不是普通氨基酸单体,从单氨基酸库排除，标为捕获的四面体反应中间体,LNT是HIV蛋白酶水解NLLTQI时形成的gem-diol四面体中间体片段，并非稳定采购单体。,不是宏环残基。,无直接证据。,仅保留于酶反应机理数据，不计入NCAA。,2,结构与论文入口｜RCSB PDB 3B7V｜https://www.rcsb.org/structure/3B7V；反应中间体证据｜Tetrahedral intermediate study｜https://pmc.ncbi.nlm.nih.gov/articles/PMC2546526/,https://www.rcsb.org/ligand/LNT,3B7V / 3B80
2,20,WEH,L-Homoglutamine,A,A级：有直接环肽/宏环强证据,保留为宏环/硫肽中的同谷氨酰胺,同谷氨酰胺可被重编程遗传密码系统引入肽。,8WM0为新生硫肽wTP3复合物，支持进入高度修饰宏环肽。,未找到直接口服证据。,适合延长侧链和极性扫描；保留生物合成方式标签。,1,结构与论文入口｜RCSB PDB 8WM0｜https://www.rcsb.org/structure/8WM0,https://www.rcsb.org/ligand/WEH,8WM0 / 9U2V
2,21,45F,(4S)-4-(prop-2-yn-1-yloxy)-L-proline,A,A级：有直接环肽/宏环强证据,保留为可点击的构象限制脯氨酸,炔丙氧基脯氨酸可作为保护单体进入肽。,4Y1C直接显示其位于HIV整合酶结合环六肽。,未找到直接口服证据。,适合脯氨酸刚化与后续点击衍生；需验证醚基代谢稳定性。,1,结构与论文入口｜RCSB PDB 4Y1C｜https://www.rcsb.org/structure/4Y1C,https://www.rcsb.org/ligand/45F,4Y1C
2,22,A1CZ7,"N,O-dimethyl-L-serine",A,A级：有直接环肽/宏环强证据,"保留为天然环缩酚肽N,O-二甲基丝氨酸",已有保护单体与coibamide A固相/全合成路线。,coibamide A为高度N-甲基化环缩酚肽，9YWS给出靶点复合物结构。,未找到口服暴露证据；天然产物细胞活性不能等同口服。,高价值天然宏环残基，适合降低供体并调节极性。,2,结构与论文入口｜RCSB PDB 9YWS｜https://www.rcsb.org/structure/9YWS；天然环缩酚肽直接证据｜Coibamide A composition｜https://pmc.ncbi.nlm.nih.gov/articles/PMC2659736/,https://www.rcsb.org/ligand/A1CZ7,9YWS
2,23,A1J0G,dimethyl-glutamic acid,B,B级：可进入肽，但缺少口服环肽直接证据,保留为xeno peptide构象单元,dimethyl-glutamic acid已用于合成xeno peptide并完成NMR结构解析。,当前证据为非天然线性肽二级结构，不是宏环。,未找到直接口服证据。,保留为构象设计候选，后续需验证闭环和合成收率。,1,结构与论文入口｜RCSB PDB 9U2V｜https://www.rcsb.org/structure/9U2V,https://www.rcsb.org/ligand/A1J0G,9U2V
2,24,C67,N~5~-[N-(2-carboxyethyl)carbamimidoyl]-L-ornithine,A,A级：有直接环肽/宏环强证据,保留为环状meditope的Arg侧链扩展残基,N-羧乙基胍基鸟氨酸已实际进入meditope变体。,meditope是12残基环肽；结构和结合动力学均有直接数据。,未找到口服证据。,适合从环肽表面伸出羧酸把手；高极性，不作为被动增渗单元。,2,结构与论文入口｜RCSB PDB 6AZL｜https://www.rcsb.org/structure/6AZL；环肽直接证据｜Meditope cyclic-peptide study｜https://pubmed.ncbi.nlm.nih.gov/29199990/,https://www.rcsb.org/ligand/C67,6AZL
2,25,C6D,N~5~-[N-(3-hydroxypropyl)carbamimidoyl]-L-ornithine,A,A级：有直接环肽/宏环强证据,保留为环状meditope的羟丙基Arg类似物,已实际进入meditope变体并完成结构解析。,12残基环肽中的直接替换证据。,未找到口服证据。,可用于水溶性和外露氢键扫描；注意胍基高极性。,2,结构与论文入口｜RCSB PDB 6AZK｜https://www.rcsb.org/structure/6AZK；环肽直接证据｜Meditope cyclic-peptide study｜https://pubmed.ncbi.nlm.nih.gov/29199990/,https://www.rcsb.org/ligand/C6D,6AZK
2,26,GLK,"(4S)-4-amino-5,5-dihydroxypentanoic acid",C,C级：特殊片段，需限制用途,降级为醛/水合蛋白酶抑制片段,"5,5-二羟基形式代表末端醛的水合表达，背景为HAV 3C蛋白酶肽酮抑制剂。",不是稳定普通内部残基的宏环证据。,无直接证据。,移入末端醛/共价蛋白酶抑制剂区。,1,结构与论文入口｜RCSB PDB 2HAL｜https://www.rcsb.org/structure/2HAL,https://www.rcsb.org/ligand/GLK,2HAL
2,27,LYP,N~6~-METHYL-N~6~-PROPYL-L-LYSINE,B,B级：可进入肽，但缺少口服环肽直接证据,保留为赖氨酸侧链烷基化探针残基,N6-甲基-N6-丙基赖氨酸已在组蛋白肽中用于LSD1自杀失活研究。,当前为线性组蛋白肽，不是宏环。,未找到直接口服证据。,适合表观遗传读写酶探针；高碱性侧链不利于被动渗透。,1,结构与论文入口｜RCSB PDB 2UXN｜https://www.rcsb.org/structure/2UXN,https://www.rcsb.org/ligand/LYP,2UXN
2,28,9RI,"N~6~-[(1R,2S,4S)-bicyclo[2.2.1]heptan-2-yl]-N~6~-methyl-L-lysine",B,B级：可进入肽，但缺少口服环肽直接证据,保留为细胞活性甲基赖氨酸模拟物,该norbornyl/methyl赖氨酸已进入短肽UNC4976。,UNC4976是线性peptidomimetic，不是环肽。,具有细胞活性但无口服证据。,保留为芳香笼靶点和细胞活性侧链模拟物，不标为环肽验证。,2,结构与论文入口｜RCSB PDB 8SII｜https://www.rcsb.org/structure/8SII；短肽/细胞证据｜UNC4976 study｜https://pmc.ncbi.nlm.nih.gov/articles/PMC6800648/,https://www.rcsb.org/ligand/9RI,8SII
2,29,A1BIE,N~6~-(2-methylprop-2-enoyl)-L-lysine,B,B级：可进入肽，但缺少口服环肽直接证据,保留为赖氨酸甲基丙烯酰化PTM残基,已在合成组蛋白H3肽中使用并完成读者蛋白结构研究。,当前为线性PTM肽，不是宏环。,无直接口服证据。,适合表观遗传PTM专题，不作为通用口服设计残基。,1,结构与论文入口｜RCSB PDB 9EHI｜https://www.rcsb.org/structure/9EHI,https://www.rcsb.org/ligand/A1BIE,9EHI
2,30,A1IL6,"(2~{S},4~{S})-4-hexylsulfanylpyrrolidine-2-carboxylic acid",A,A级：有直接环肽/宏环强证据,保留为可钉合4-巯基脯氨酸衍生物,4-巯基脯氨酸侧链经己基硫醚表达，已有肽-折叠体合成。,9GFK为MDM2结合钉合foldamer，属于侧链宏环约束直接证据。,有细胞活性但未找到口服证据。,适合构建侧链钉合与螺旋预组织；需区分游离巯基前体和最终硫醚。,1,结构与论文入口｜RCSB PDB 9GFK｜https://www.rcsb.org/structure/9GFK,https://www.rcsb.org/ligand/A1IL6,9GFK
2,31,C1J,N~5~-(N-octylcarbamimidoyl)-L-ornithine,A,A级：有直接环肽/宏环强证据,保留为环状meditope疏水Arg类似物,N-octyl胍基鸟氨酸已实际进入meditope变体。,12残基环肽直接结构和动力学证据。,未找到口服证据。,可扫描长疏水侧链，但可能降低溶解度。,2,结构与论文入口｜RCSB PDB 6AXP｜https://www.rcsb.org/structure/6AXP；环肽直接证据｜Meditope cyclic-peptide study｜https://pubmed.ncbi.nlm.nih.gov/29199990/,https://www.rcsb.org/ligand/C1J,6AXP
2,32,C4G,N~5~-[N-(3-aminopropyl)carbamimidoyl]-L-ornithine,A,A级：有直接环肽/宏环强证据,保留为环状meditope氨丙基Arg类似物,已实际进入meditope变体。,12残基环肽直接结构证据。,未找到口服证据。,可提供侧链胺把手；额外正电荷通常不利于被动扩散。,2,结构与论文入口｜RCSB PDB 6AYN｜https://www.rcsb.org/structure/6AYN；环肽直接证据｜Meditope cyclic-peptide study｜https://pubmed.ncbi.nlm.nih.gov/29199990/,https://www.rcsb.org/ligand/C4G,6AYN
2,33,ZT1,N~6~-[(1-methyl-1H-imidazol-5-yl)methyl]-N~6~-propan-2-yl-L-lysine,B,B级：可进入肽，但缺少口服环肽直接证据,保留为CDYL甲基赖氨酸模拟残基,N6-异丙基/咪唑甲基赖氨酸已进入短肽抑制剂UNC6261。,当前为线性peptidomimetic，不是宏环。,未找到直接口服证据。,适合染色质读者蛋白专题；需验证选择性保护和电荷状态。,1,结构与论文入口｜RCSB PDB 7N27｜https://www.rcsb.org/structure/7N27,https://www.rcsb.org/ligand/ZT1,7N27
2,34,005,"(2S,3S)-3-amino-2-hydroxy-4-phenylbutanoic acid",B,B级：可进入肽，但缺少口服环肽直接证据,保留为口服小分子肽模拟物中的羟基氨基酸,该AHPBA立体异构体可作为蛋白酶过渡态模拟构件。,9IZB中的TMP1不是环肽，而是口服双靶点肽模拟抑制剂。,TMP1在小鼠报告77.5%口服生物利用度，并有犬PK；这是完整非环状化合物证据。,保留并标注“非环状口服peptidomimetic证据”，不能直接外推到环肽。,2,结构与论文入口｜RCSB PDB 9IZB｜https://www.rcsb.org/structure/9IZB；非环状口服证据｜TMP1 oral study｜https://pmc.ncbi.nlm.nih.gov/articles/PMC11601862/,https://www.rcsb.org/ligand/005,9IZB
2,35,2IQ,2-(hexylamino)ethanoic acid,A,A级：有直接环肽/宏环强证据,保留为N-己基甘氨酸宏环残基,N-烷基甘氨酸可作为peptoid样单元进入宏环。,7WMC直接显示其位于NNMT结合宏环肽1。,未找到直接口服证据。,适合降低骨架供体和增加疏水接触；注意长烷基导致溶解度下降。,1,结构与论文入口｜RCSB PDB 7WMC｜https://www.rcsb.org/structure/7WMC,https://www.rcsb.org/ligand/2IQ,7WMC
2,36,4BA,4-[(2-CARBOXY-ETHYLAMINO)-METHYL]-BENZOIC ACID,B,B级：可进入肽，但缺少口服环肽直接证据,保留为芳香β-氨基酸样连接构件,已用于HIV-1 gp41细胞进入抑制肽。,当前直接证据为线性抑制肽，不是宏环。,无直接口服证据。,可作为芳香刚性连接单元；双羧酸和延长骨架会增加极性。,1,结构与论文入口｜RCSB PDB 1FAV｜https://www.rcsb.org/structure/1FAV,https://www.rcsb.org/ligand/4BA,1FAV
3,1,0JT,(4R)-4-amino-5-methylhexanoic acid,A,A级：有直接环肽/宏环强证据,保留为syringolin/glidobactin宏内酰胺残基,该β-氨基酸样单元已随天然产物及嵌合物完成合成。,4GK7直接显示其位于syringolin-glidobactin宏环蛋白酶体抑制剂中。,未找到口服暴露证据。,保留于天然宏内酰胺残基区；亲脂侧链和亲电药效团需分别评估。,2,结构与论文入口｜RCSB PDB 4GK7｜https://www.rcsb.org/structure/4GK7；宏内酰胺与合成证据｜Syringolin macrocycle study｜https://pmc.ncbi.nlm.nih.gov/articles/PMC2672505/,https://www.rcsb.org/ligand/0JT,4GK7
3,2,24M,"(1R,2R)-2-[(1S,2S)-2-amino-1-hydroxy-4-methylpentyl]cyclopentanecarboxylic acid",B,B级：可进入肽，但缺少口服环肽直接证据,保留为环戊基statine样过渡态模拟构件,已进入NVP-AMK640等BACE肽样抑制剂。,1YM4为线性肽样蛋白酶抑制剂，不是环肽。,未找到直接口服证据。,仅在蛋白酶过渡态模拟方向使用；环化兼容性需单独验证。,1,结构与论文入口｜RCSB PDB 1YM4｜https://www.rcsb.org/structure/1YM4,https://www.rcsb.org/ligand/24M,1YM4
3,3,24O,"(1R,2R)-2-[(1S,2S)-2-amino-1-hydroxy-4-methylpentyl]-4-oxocyclopentanecarboxylic acid",B,B级：可进入肽，但缺少口服环肽直接证据,保留为含酮环戊基statine样构件,已进入NVP-AUR200等BACE肽样抑制剂。,1YM2为线性肽样抑制剂，不是环肽。,未找到直接口服证据。,保留为蛋白酶抑制药效构件，不标注为增渗或口服残基。,1,结构与论文入口｜RCSB PDB 1YM2｜https://www.rcsb.org/structure/1YM2,https://www.rcsb.org/ligand/24O,1YM2
3,4,3V8,"(4S)-4-[4-(2-carboxyethyl)-1H-1,2,3-triazol-1-yl]-L-proline",A,A级：有直接环肽/宏环强证据,保留为可连接的三唑脯氨酸宏环残基,三唑化脯氨酸已用于DNA编码宏环库命中物的合成优化。,4WVU为XIAP-BIR2结合宏环拮抗剂的直接结构。,该系列有体内抗肿瘤活性，但未证明口服暴露。,适合脯氨酸构象限制及侧链延伸；继续核对具体保护体。,2,结构与论文入口｜RCSB PDB 4WVU｜https://www.rcsb.org/structure/4WVU；宏环与体内药效证据｜XIAP macrocycle study｜https://pubmed.ncbi.nlm.nih.gov/25695766/,https://www.rcsb.org/ligand/3V8,4WVU
3,5,4H0,"(3S)-3-amino-4-oxo-5-(2,3,5,6-tetrafluorophenoxy)pentanoic acid",C,C级：特殊片段，需限制用途,限用途保留为底物模拟酮基片段,其氨基酮结构出现在caspase-6底物模拟物/三元复合物中。,未找到作为稳定通用内部残基的环肽证据。,无口服证据。,移入蛋白酶底物模拟与反应片段区，不作为普通NCAA推荐。,2,结构与论文入口｜RCSB PDB 4HVA｜https://www.rcsb.org/structure/4HVA；底物模拟背景｜Caspase-6 mechanism study｜https://pubmed.ncbi.nlm.nih.gov/23227217/,https://www.rcsb.org/ligand/4H0,4HVA
3,6,6A0,(2S)-2-amino-8-(hydroxyamino)-8-oxooctanoic acid,B,B级：可进入肽，但缺少口服环肽直接证据,保留为带羟肟酸侧链的赖氨酸类似物,已进入基于组蛋白H4的HDAC肽抑制剂。,5ICN中的直接证据为线性肽抑制剂，不是宏环。,未找到口服证据。,适合HDAC金属结合专题；高极性羟肟酸不应被当作通用增渗单元。,2,结构与论文入口｜RCSB PDB 5ICN｜https://www.rcsb.org/structure/5ICN；线性肽抑制剂证据｜HDAC complex study｜https://pmc.ncbi.nlm.nih.gov/articles/PMC4848466/,https://www.rcsb.org/ligand/6A0,5ICN
3,7,6L9,"[(2S)-2,3-diamino-3-oxopropyl]propanedioic acid",A,A级：有直接环肽/宏环强证据,保留为环肽表面的双羧酸/酰胺残基,该构件已通过合成进入14-3-3结合环肽。,5JM4明确为含该残基和金刚烷残基的环肽复合物。,未找到口服证据。,可用于外露极性和盐桥扫描；多羧酸通常不利于被动渗透。,1,结构与论文入口｜RCSB PDB 5JM4｜https://www.rcsb.org/structure/5JM4,https://www.rcsb.org/ligand/6L9,5JM4
3,8,A1G,"(2S)-amino[(3R,5R,7R)-tricyclo[3.3.1.1~3,7~]decan-1-yl]acetic acid",A,A级：有直接环肽/宏环强证据,保留为金刚烷基甘氨酸宏环残基,金刚烷基甘氨酸已实际进入14-3-3结合环肽。,5JM4提供直接环肽结构证据。,未找到口服证据。,适合疏水热点填充，但需重点监测溶解度和非特异结合。,1,结构与论文入口｜RCSB PDB 5JM4｜https://www.rcsb.org/structure/5JM4,https://www.rcsb.org/ligand/A1G,5JM4
3,9,AFC,"(3R,12R)-3-amino-12-methyltetradecanoic acid",A,A级：有直接环肽/宏环强证据,保留为天然环脂肽长链β-氨基酸,该长链β-氨基酸是bacillomycin Lc等天然脂肽组成单元。,2IGZ为环状脂肽bacillomycin Lc的NMR结构。,未找到口服证据。,保留于天然环脂肽专区；不作为一般口服环肽的常规替换。,1,结构与论文入口｜RCSB PDB 2IGZ｜https://www.rcsb.org/structure/2IGZ,https://www.rcsb.org/ligand/AFC,2IGZ
3,10,CHS,4-AMINO-5-CYCLOHEXYL-3-HYDROXY-PENTANOIC ACID,B,B级：可进入肽，但缺少口服环肽直接证据,保留为环己基statine样残基,已用于天冬氨酸蛋白酶的statine类肽抑制剂。,2ER0为线性蛋白酶抑制剂复合物。,未找到直接口服证据。,仅在蛋白酶过渡态模拟方向优先。,1,结构与论文入口｜RCSB PDB 2ER0｜https://www.rcsb.org/structure/2ER0,https://www.rcsb.org/ligand/CHS,2ER0
3,11,CNT,N-METHYL-META-CHLORO-TYROSINE,A,A级：有直接环肽/宏环强证据,保留为N-甲基氯代酪氨酸天然宏环残基,该残基存在于scyptolin A并有天然产物结构证据。,1OKX为弹性蛋白酶与环状scyptolin A复合物。,未找到口服证据。,适合N-甲基化和芳香疏水接触研究；注意卤代芳环代谢。,1,结构与论文入口｜RCSB PDB 1OKX｜https://www.rcsb.org/structure/1OKX,https://www.rcsb.org/ligand/CNT,1OKX
3,12,DAV,DELTA-AMINO VALERIC ACID,A,A级：有直接环肽/宏环强证据,保留为δ-氨基戊酸宏环连接单元,可作为双官能间隔单元进入肽合成。,7K2P直接显示其用于Nrf2来源KEAP1结合环肽的闭环连接。,未找到口服证据。,适合调节环尺寸；高柔性可能削弱预组织，需要构象数据配合。,1,结构与论文入口｜RCSB PDB 7K2P｜https://www.rcsb.org/structure/7K2P,https://www.rcsb.org/ligand/DAV,7K2P
3,13,DC0,N-[(2S)-2-amino-4-methylpentyl]-L-phenylalanine,EXCLUDE,排除：不是普通氨基酸单体,从单氨基酸库排除，转入还原二肽等排体库,其结构为Leu-CH2-NH-Phe型还原肽键，跨越两个残基。,4GZF来自线性HIV蛋白酶抑制肽，不是独立环肽残基。,无直接口服证据。,作为二残基肽键等排构件保存，不计入NCAA单体数量。,1,结构与论文入口｜RCSB PDB 4GZF｜https://www.rcsb.org/structure/4GZF,https://www.rcsb.org/ligand/DC0,4GZF
3,14,DMG,"N,N-DIMETHYLGLYCINE",B,B级：可进入肽，但缺少口服环肽直接证据,保留为N端二甲基甘氨酸状态，不作为普通内部残基,5CVD中的DMG表达CENP-A肽的α-N二甲基化N端。,直接结构为线性底物肽。,无口服证据。,保留于N端修饰区，并明确限制为末端状态。,2,结构与论文入口｜RCSB PDB 5CVD｜https://www.rcsb.org/structure/5CVD；N端甲基化证据｜NRMT1 substrate study｜https://pubmed.ncbi.nlm.nih.gov/26543159/,https://www.rcsb.org/ligand/DMG,5CVD
3,15,E7P,(2S)-2-amino-4-phosphonobutanoic acid,B,B级：可进入肽，但缺少口服环肽直接证据,保留为磷酸/磷酸酯等排型谷氨酸类似物,已进入合成phosphono-MLL肽类似物。,7S79为HLA结合线性肽，不是宏环。,未找到口服证据。,适合磷酸化表位和高电荷识别研究，不作为被动渗透单元。,1,结构与论文入口｜RCSB PDB 7S79｜https://www.rcsb.org/structure/7S79,https://www.rcsb.org/ligand/E7P,7S79
3,16,EE3,"(2~{S})-2-azanyl-6-(1,3-oxazol-5-ylcarbonylamino)hexanoic acid",A,A级：有直接环肽/宏环强证据,保留为侧链酰化赖氨酸宏环残基,含噁唑羰基侧链的赖氨酸已进入AF9 YEATS抑制剂。,6L5Z标题及结构明确为cyclopeptide inhibitor。,未找到口服证据。,适合表观遗传读者蛋白的侧链识别扫描。,1,结构与论文入口｜RCSB PDB 6L5Z｜https://www.rcsb.org/structure/6L5Z,https://www.rcsb.org/ligand/EE3,6L5Z
3,17,GM8,"(2S)-2-[(1S,2S)-2-aminocyclohexyl]butanoic acid",B,B级：可进入肽，但缺少口服环肽直接证据,保留为环己烷约束γ-氨基酸,已用于α/β/环γ混合骨架foldamer。,4HJB中的肽为螺旋模拟序列，并非闭合宏环。,未找到口服证据。,适合螺旋预组织和蛋白酶稳定性研究；闭环几何需另测。,1,结构与论文入口｜RCSB PDB 4HJB｜https://www.rcsb.org/structure/4HJB,https://www.rcsb.org/ligand/GM8,4HJB
3,18,GRN,2-phenyl-L-alanine,B,B级：可进入肽，但缺少口服环肽直接证据,保留为α-甲基-α-苯基甘氨酸构象单元,已进入HLA呈递的合成肽配体。,4WJ5为线性抗原肽，不是宏环。,未找到口服证据。,适合局部刚化和芳香扫描，需关注消旋与偶联效率。,1,结构与论文入口｜RCSB PDB 4WJ5｜https://www.rcsb.org/structure/4WJ5,https://www.rcsb.org/ligand/GRN,4WJ5
3,19,KV6,(3R)-3-aminoheptadecanoic acid,A,A级：有直接环肽/宏环强证据,保留为iturin天然环脂肽长链β-氨基酸,长链β-氨基酸是iturin类生物合成与全结构的一部分。,7TZ3为iturin环脂肽结构。,未找到口服证据。,保留于天然环脂肽专区；强疏水性不适合作为普通扫描残基。,1,结构与论文入口｜RCSB PDB 7TZ3｜https://www.rcsb.org/structure/7TZ3,https://www.rcsb.org/ligand/KV6,7TZ3
3,20,LAV,N-[(2S)-2-amino-4-methylpentyl]-L-valine,EXCLUDE,排除：不是普通氨基酸单体,从单氨基酸库排除，转入还原二肽等排体库,其结构是Leu-CH2-NH-Val型还原肽键，跨越两个残基。,4ER4来自线性renin抑制剂。,无直接口服证据。,不计入独立NCAA；仅用于蛋白酶抑制剂肽键等排设计。,1,结构与论文入口｜RCSB PDB 4ER4｜https://www.rcsb.org/structure/4ER4,https://www.rcsb.org/ligand/LAV,4ER4
3,21,LDO,6-HYDROXY-L-NORLEUCINE,B,B级：可进入肽，但缺少口服环肽直接证据,保留为末端羟基正亮氨酸,已进入Zika NS2B-NS3蛋白酶抑制肽MI-2260。,8AQA为线性抑制剂复合物。,未找到口服证据。,可作侧链极性及后续衍生把手；环肽应用需验证。,1,结构与论文入口｜RCSB PDB 8AQA｜https://www.rcsb.org/structure/8AQA,https://www.rcsb.org/ligand/LDO,8AQA
3,22,LHE,"N-[(2R,3S)-3-amino-2-hydroxy-5-methylhexyl]-L-norvaline",EXCLUDE,排除：不是普通氨基酸单体,从单氨基酸库排除，转入羟乙胺二肽等排体库,结构同时包含norvaline和氨基羟基异己基两部分，模拟被还原的肽键。,4TRW为线性BACE1 HEA型抑制剂。,无直接口服证据。,作为二残基过渡态模拟构件保存，不计入NCAA单体。,1,结构与论文入口｜RCSB PDB 4TRW｜https://www.rcsb.org/structure/4TRW,https://www.rcsb.org/ligand/LHE,4TRW
3,23,LXO,4-(pyridin-4-ylamino)butanoic acid,C,C级：特殊片段，需限制用途,限用途保留为含吡啶配位头的连接片段,该结构在Im-N-C4-Phe-Phe中充当吡啶配位头/柔性连接单元。,8HOU不是环肽，而是P450配体复合物。,无口服证据。,移入配位连接体区，不作为普通氨基酸推荐。,1,结构与论文入口｜RCSB PDB 8HOU｜https://www.rcsb.org/structure/8HOU,https://www.rcsb.org/ligand/LXO,8HOU
3,24,OUD,(3~{S})-3-azanyl-4-(carboxyamino)butanoic acid,C,C级：特殊片段，需限制用途,保留为短链寡脲骨架单元,5N14显示其用于非肽寡脲螺旋结构域。,当前为蛋白-寡脲复合折叠体，不是传统环肽。,无口服证据。,单列为寡脲/折叠体构件，不混入普通NCAA残基。,1,结构与论文入口｜RCSB PDB 5N14｜https://www.rcsb.org/structure/5N14,https://www.rcsb.org/ligand/OUD,5N14
3,25,OUE,(4~{S})-4-azanyl-5-(carboxyamino)pentanoic acid,C,C级：特殊片段，需限制用途,保留为长链寡脲骨架单元,5N14显示其用于非肽寡脲螺旋结构域。,当前不是传统环肽直接证据。,无口服证据。,单列为寡脲/折叠体构件，并验证专用固相合成路线。,1,结构与论文入口｜RCSB PDB 5N14｜https://www.rcsb.org/structure/5N14,https://www.rcsb.org/ligand/OUE,5N14
3,26,PBE,"1,1-DIMETHYL-PROLINIUM",B,B级：可进入肽，但缺少口服环肽直接证据,保留为N端季铵化脯氨酸状态,5CVE中的PBE表达果蝇H2B肽N端二甲基脯氨酸。,直接证据为线性底物肽。,无口服证据。,仅作为N端永久正电修饰保留，不作为内部残基或增渗单元。,2,结构与论文入口｜RCSB PDB 5CVE｜https://www.rcsb.org/structure/5CVE；N端甲基化证据｜NRMT1 substrate study｜https://pubmed.ncbi.nlm.nih.gov/26543159/,https://www.rcsb.org/ligand/PBE,5CVE
3,27,PRW,"(2R,3R)-4-AMINO-2,3-DIHYDROXYBUTANOIC ACID",B,B级：可进入肽，但缺少口服环肽直接证据,保留为可氧化切割的二羟基氨基酸,已通过合成装入periodate-cleavable HLA肽。,2X4T为线性MHC配体，不是宏环。,无口服证据。,适合作为可切割化学工具，不作为通用口服优化残基。,1,结构与论文入口｜RCSB PDB 2X4T｜https://www.rcsb.org/structure/2X4T,https://www.rcsb.org/ligand/PRW,2X4T
3,28,QF0,(3S)-3-amino-4-(naphthalen-2-yl)butanoic acid,B,B级：可进入肽，但缺少口服环肽直接证据,保留为2-萘基β3-高丙氨酸,已进入PTH1R结合的合成肽配体。,8D52为线性受体肽配体，不是宏环。,无口服证据。,适合芳香热点和β肽扫描；注意疏水性与环尺寸。,1,结构与论文入口｜RCSB PDB 8D52｜https://www.rcsb.org/structure/8D52,https://www.rcsb.org/ligand/QF0,8D52
3,29,SGK,2-(pyridin-2-ylmethylamino)ethanoic acid,B,B级：可进入肽，但缺少口服环肽直接证据,保留为吡啶甲基N-取代甘氨酸样构件,已用于优化细菌DNA滑动夹结合短肽。,7AZF中的peptide 8为线性短肽，不是宏环。,无口服证据。,可用于N端延伸和芳香杂环接触，不标为环肽验证。,2,结构与论文入口｜RCSB PDB 7AZF｜https://www.rcsb.org/structure/7AZF；线性短肽证据｜Sliding-clamp peptide study｜https://doi.org/10.1021/acs.jmedchem.1c00918,https://www.rcsb.org/ligand/SGK,7AZF
3,30,SOW,[(2-amino-2-oxoethyl)amino]acetic acid,C,C级：特殊片段，需限制用途,限用途保留为还原酰胺/peptoid样片段,该N-羧甲基甘氨酰胺结构出现在minihepcidin PR73中。,8DL7为线性minihepcidin复合物，不是普通内部α-氨基酸环肽证据。,无口服证据。,单列为肽键等排/peptidomimetic构件，验证具体保护体后再用。,1,结构与论文入口｜RCSB PDB 8DL7｜https://www.rcsb.org/structure/8DL7,https://www.rcsb.org/ligand/SOW,8DL7
3,31,T7H,3-({2-[(carboxymethyl)amino]ethyl}sulfanyl)propanoic acid,A,A级：有直接环肽/宏环强证据,保留为双羧酸硫醚宏环连接构件,文献建立了固相硫醚闭环合成路线。,8DPY直接显示其位于双HBS稳定的宏环β折叠中。,未找到口服证据。,适合构建硫醚HBS和β折叠预组织；它更像闭环连接体而非通用侧链。,2,结构与论文入口｜RCSB PDB 8DPY｜https://www.rcsb.org/structure/8DPY；宏环与固相合成证据｜Macrocyclic beta-sheet study｜https://pmc.ncbi.nlm.nih.gov/articles/PMC10592574/,https://www.rcsb.org/ligand/T7H,8DPY
3,32,TVA,"N-[(2R,3S)-3-amino-2-hydroxy-4-(thiophen-2-yl)butyl]-L-norvaline",EXCLUDE,排除：不是普通氨基酸单体,从单氨基酸库排除，转入羟乙胺二肽等排体库,结构由norvaline与氨基羟基噻吩侧链共同模拟一段肽键。,4TRZ为线性BACE1 HEA型抑制剂。,无直接口服证据。,作为二残基蛋白酶过渡态模拟构件保存。,1,结构与论文入口｜RCSB PDB 4TRZ｜https://www.rcsb.org/structure/4TRZ,https://www.rcsb.org/ligand/TVA,4TRZ
3,33,WGB,N-methyl-4-nitro-L-phenylalanine,A,A级：有直接环肽/宏环强证据,保留为硝基N-甲基苯丙氨酸硫肽残基,该N-甲基芳香残基已进入新生硫肽wTP3。,8WM0直接显示其位于高度修饰宏环硫肽中。,未找到口服证据。,保留天然产物/重编程宏环标签；硝基芳环需毒理与代谢评估。,1,结构与论文入口｜RCSB PDB 8WM0｜https://www.rcsb.org/structure/8WM0,https://www.rcsb.org/ligand/WGB,8WM0
3,34,XZP,"(1R,2R)-2-aminocyclopentane-1-carboxylic acid",B,B级：可进入肽，但缺少口服环肽直接证据,保留为trans-2-氨基环戊烷羧酸构象单元,ACPC可通过合成装入WW结构域环区。,5VTI为含ACPC环替换的线性折叠肽，不是闭合环肽。,未找到口服证据。,适合β肽与转角刚化；不能仅凭loop一词标成环肽。,1,结构与论文入口｜RCSB PDB 5VTI｜https://www.rcsb.org/structure/5VTI,https://www.rcsb.org/ligand/XZP,5VTI
3,35,Y1Y,"3-amino-2,3-dideoxy-5-O-(5-methylthiophene-2-carbonyl)-D-erythro-pentonic acid",C,C级：特殊片段，需限制用途,限用途保留为AOMK末端战头相关片段,该糖酸样结构来自caspase-8与AOMK抑制剂形成的四面体加合物。,不是稳定通用内部残基，也无环肽证据。,无口服证据。,移入共价蛋白酶抑制剂/反应中间体区。,1,结构与论文入口｜RCSB PDB 6X8H｜https://www.rcsb.org/structure/6X8H,https://www.rcsb.org/ligand/Y1Y,6X8H
3,36,ZS8,(2S)-2-amino-2-methyldec-8-ynoic acid,A,A级：有直接环肽/宏环强证据,保留为炔基α-甲基氨基酸闭环把手,炔基氨基酸已通过合成进入ExoS来源肽。,5J31为炔烃交联环肽与14-3-3复合物。,未找到口服证据。,适合点击/交联闭环和构象限制；需区分游离单体与最终交联状态。,1,结构与论文入口｜RCSB PDB 5J31｜https://www.rcsb.org/structure/5J31,https://www.rcsb.org/ligand/ZS8,5J31
