"recordId","name","evidenceLevel","origin","mappingStatus","ccdIds","structureClasses"
"OCPR000001","N-Me-D-Leu","骨架证据","original-curated","mapped-single","MLU","evidence-reviewed-residue"
"OCPR000002","N-Me-Leu","直接证据","original-curated","mapped-single","MLE","evidence-reviewed-residue"
"OCPR000003","N-Me-Ile","直接证据","original-curated","mapped-single","IML","evidence-reviewed-residue"
"OCPR000004","N-Me-Ala / D-N-Me-Ala","直接证据","original-curated","mapped-multiple","MAA / 33X","evidence-reviewed-residue"
"OCPR000006","N-Me-Ser","直接证据","original-curated","mapped-single","5JP","evidence-reviewed-residue"
"OCPR000007","N-Me-Asp","直接证据","original-curated","mapped-single","SOQ","evidence-reviewed-residue"
"OCPR000008","N-Me-Tyr","直接证据","original-curated","mapped-single","YNM","evidence-reviewed-residue"
"OCPR000010","N-Me-Lys","直接证据","original-curated","mapped-single","NMK","evidence-reviewed-residue"
"OCPR000011","N-Me-Phe","骨架证据","original-curated","mapped-single","MEA","evidence-reviewed-residue"
"OCPR000012","N-Me-Val","临床骨架","original-curated","mapped-single","MVA","evidence-reviewed-residue"
"OCPR000013","Sarcosine · Sar · N-Me-Gly","临床骨架","original-curated","mapped-single","SAR","evidence-reviewed-residue"
"OCPR000014","D-Pro","直接证据","original-curated","mapped-single","DPR","evidence-reviewed-residue"
"OCPR000015","D-Ala","骨架证据","original-curated","mapped-single","DAL","evidence-reviewed-residue"
"OCPR000016","D-Val","骨架证据","original-curated","mapped-single","DVA","evidence-reviewed-residue"
"OCPR000017","D-Leu","直接证据","original-curated","mapped-single","DLE","evidence-reviewed-residue"
"OCPR000018","D-Ile","专利证据","original-curated","mapped-single","DIL","pdb-peptide-occurrence"
"OCPR000019","D-Phe","专利证据","original-curated","mapped-single","DPN","evidence-reviewed-residue"
"OCPR000020","Aib","直接证据","original-curated","mapped-single","AIB","evidence-reviewed-residue"
"OCPR000021","Statine","直接证据","original-curated","mapped-single","STA","evidence-reviewed-residue"
"OCPR000027","cis-4-F-Pro","专利证据","original-curated","mapped-single","4FB","pdb-peptide-occurrence"
"OCPR000029","Aze","专利证据","original-curated","mapped-single","02A","evidence-reviewed-residue"
"OCPR000030","Norvaline","专利证据","original-curated","mapped-single","NVA","candidate-pending"
"OCPR000031","Tert-leucine","专利证据","original-curated","mapped-single","TBG","candidate-pending"
"OCPR000032","Cyclohexylalanine","专利证据","original-curated","mapped-single","ALC","evidence-reviewed-residue"
"OCPR000033","trans-4-F-Pro","专利证据","original-curated","mapped-single","FP9","pdb-peptide-occurrence"
"OCPR000034","4-Hyp","专利证据","original-curated","mapped-single","HYP","evidence-reviewed-residue"
"OCPR000035","Ornithine","专利证据","original-curated","mapped-single","ORN","candidate-pending"
"OCPR000036","Dap","专利证据","original-curated","mapped-single","DPP","candidate-pending"
"OCPR000037","Homophenylalanine","专利证据","original-curated","mapped-single","HPE","candidate-pending"
"OCPR000038","2-Nal","专利证据","original-curated","mapped-single","NAL","candidate-pending"
"OCPR000039","5-F-Trp","专利证据","original-curated","mapped-single","FTR","candidate-pending"
"OCPR000041","O-Me-Tyr","临床骨架","original-curated","mapped-single","0A1","evidence-reviewed-residue"
"OCPR000043","2-Me-Pro","临床骨架","original-curated","mapped-single","3WX","evidence-reviewed-residue"
"OCPR000044","AmPhe","临床骨架","original-curated","mapped-single","A1CHA","evidence-reviewed-residue"
"OCPR000045","3-Hyp","临床骨架","original-curated","mapped-single","HY3","evidence-reviewed-residue"
"OCPR000047","3-Cl-Phe","骨架证据","original-curated","mapped-single","FCL","evidence-reviewed-residue"
"OCPR000049","Ac5c","临床骨架","original-curated","mapped-single","AC5","evidence-reviewed-residue"
"OCPR000050","MeBmt","临床骨架","original-curated","mapped-single","BMT","evidence-reviewed-residue"
"OCPR000051","Abu","临床骨架","original-curated","mapped-single","ABA","evidence-reviewed-residue"
"OCPR000005","N-Me-Thr","直接证据","original-curated","unmapped-concept","",""
"OCPR000009","N-Me-D-Trp","骨架证据","original-curated","unmapped-concept","",""
"OCPR000022","β-homoproline · β-HPro","骨架证据","original-curated","unmapped-concept","",""
"OCPR000023","(1R,2S)-2-ACPC · β¹","直接证据","original-curated","unmapped-concept","",""
"OCPR000024","(1S,2S)-2-ACHC · β²","骨架证据","original-curated","unmapped-concept","",""
"OCPR000025","NLeu peptoid · N-isobutylglycine","直接证据","original-curated","unmapped-concept","",""
"OCPR000026","Pye · N,N-pyrrolidinylglutamine","直接证据","original-curated","unmapped-concept","",""
"OCPR000028","4-AmPhe · 4-(aminomethyl)-L-phenylalanine","专利证据","original-curated","unmapped-concept","",""
"OCPR000040","Pal · pyridylalanine","骨架证据","original-curated","unmapped-concept","",""
"OCPR000042","N-substituted 5-F-Trp","临床骨架","original-curated","unmapped-concept","",""
"OCPR000046","D-Dap(tail)","临床骨架","original-curated","unmapped-concept","",""
"OCPR000048","4-CF₃-Hph / 3,5-F₂-4-CF₃-Hph","骨架证据","original-curated","unmapped-concept","",""
"OCPR000052","hydroxy-acid / depsipeptide substitution","改造证据","original-curated","unmapped-concept","",""
"OCPR000053","thioamide substitution","改造证据","original-curated","unmapped-concept","",""
"CCD-BAL-REVIEW","BETA-ALANINE","审核B","manual-92-review","mapped-single","BAL","evidence-reviewed-residue"
"CCD-XCP-REVIEW","(1S,2S)-2-aminocyclopentanecarboxylic acid","审核B","manual-92-review","mapped-single","XCP","evidence-reviewed-residue"
"CCD-ASJ-REVIEW","(3S)-3-amino-4-hydroxybutanoic acid","审核C","manual-92-review","mapped-single","ASJ","special-reference"
"CCD-XPC-REVIEW","(3S,4R)-4-aminopyrrolidine-3-carboxylic acid","审核B","manual-92-review","mapped-single","XPC","evidence-reviewed-residue"
"CCD-PSA-REVIEW","3-HYDROXY-4-AMINO-5-PHENYLPENTANOIC ACID","审核B","manual-92-review","mapped-single","PSA","evidence-reviewed-residue"
"CCD-V7T-REVIEW","(2R)-6-azanyl-2-carbamimidamido-hexanoic acid","审核A","manual-92-review","mapped-single","V7T","evidence-reviewed-residue"
"CCD-L2O-REVIEW","(2S,3R)-3-amino-2-hydroxy-5-methylhexanoic acid","审核B","manual-92-review","mapped-single","L2O","evidence-reviewed-residue"
"CCD-3FB-REVIEW","(3S)-3-AMINO-4-PHENYLBUTANOIC ACID","审核B","manual-92-review","mapped-single","3FB","evidence-reviewed-residue"
"CCD-A1CK7-REVIEW","3-amino-3-methylbutanoic acid","审核A","manual-92-review","mapped-single","A1CK7","evidence-reviewed-residue"
"CCD-0JY-REVIEW","4-methyl-L-leucine","审核B","manual-92-review","mapped-single","0JY","evidence-reviewed-residue"
"CCD-CSI-REVIEW","AMINO-(2-IMINO-HEXAHYDRO-PYRIMIDIN-4-YL)-ACETIC ACID","审核C","manual-92-review","mapped-single","CSI","special-reference"
"CCD-UQ4-REVIEW","N-(7-nitro-2,1,3-benzoxadiazol-4-yl)-beta-alanine","审核EXCLUDE","manual-92-review","mapped-single","UQ4","excluded-nonmonomer"
"CCD-ABU-REVIEW","GAMMA-AMINO-BUTANOIC ACID","审核A","manual-92-review","mapped-single","ABU","evidence-reviewed-residue"
"CCD-PUK-REVIEW","N-[(2S)-2-amino-3-phenylpropyl]-L-phenylalanine","审核EXCLUDE","manual-92-review","mapped-single","PUK","excluded-nonmonomer"
"CCD-A1APM-REVIEW","alpha-methyl-L-phenylalanine","审核A","manual-92-review","mapped-single","A1APM","evidence-reviewed-residue"
"CCD-EZY-REVIEW","N-[(2-nitrophenyl)methyl]glycine","审核C","manual-92-review","mapped-single","EZY","special-reference"
"CCD-01B-REVIEW","(2S,3R)-3-amino-2-hydroxy-4-phenylbutanoic acid","审核B","manual-92-review","mapped-single","01B","evidence-reviewed-residue"
"CCD-1OL-REVIEW","(2R,4S,5S)-5-amino-4-hydroxy-2,7-dimethyloctanoic acid","审核B","manual-92-review","mapped-single","1OL","evidence-reviewed-residue"
"CCD-JG3-REVIEW","1-[(2S,3S)-3-amino-2-hydroxy-4-phenylbutyl]-L-proline","审核EXCLUDE","manual-92-review","mapped-single","JG3","excluded-nonmonomer"
"CCD-LOV-REVIEW","5-AMINO-4-HYDROXY-2-ISOPROPYL-7-METHYL-OCTANOIC ACID","审核B","manual-92-review","mapped-single","LOV","evidence-reviewed-residue"
"CCD-Y2Y-REVIEW","(3S,4R)-3-amino-4-hydroxyheptanedioic acid","审核C","manual-92-review","mapped-single","Y2Y","special-reference"
"CCD-AKZ-REVIEW","(3S)-3-amino-4,4-dihydroxybutanoic acid","审核C","manual-92-review","mapped-single","AKZ","special-reference"
"CCD-0UO-REVIEW","4-methoxy-L-tryptophan","审核A","manual-92-review","mapped-single","0UO","evidence-reviewed-residue"
"CCD-A1A2Y-REVIEW","5-methoxy-L-tryptophan","审核B","manual-92-review","mapped-single","A1A2Y","evidence-reviewed-residue"
"CCD-A1I8R-REVIEW","N-methyl-beta-alanine","审核A","manual-92-review","mapped-single","A1I8R","evidence-reviewed-residue"
"CCD-PDF-REVIEW","4,4-difluoro-L-proline","审核B","manual-92-review","mapped-single","PDF","evidence-reviewed-residue"
"CCD-3WT-REVIEW","(3R,4S,5S)-3-methoxy-5-methyl-4-(methylamino)heptanoic acid","审核B","manual-92-review","mapped-single","3WT","evidence-reviewed-residue"
"CCD-APD-REVIEW","3-METHYLPHENYLALANINE","审核A","manual-92-review","mapped-single","APD","evidence-reviewed-residue"
"CCD-KFB-REVIEW","5-Aminovaleric Acid","审核B","manual-92-review","mapped-single","KFB","evidence-reviewed-residue"
"CCD-MKE-REVIEW","(4S)-4-AMINO-5-OXOHEXANOIC ACID","审核C","manual-92-review","mapped-single","MKE","special-reference"
"CCD-OPR-REVIEW","(5S)-5-amino-8-carbamimidamido-4-oxooctanoic acid","审核C","manual-92-review","mapped-single","OPR","special-reference"
"CCD-TIG-REVIEW","N-(2-aminoethyl)-L-tryptophan","审核B","manual-92-review","mapped-single","TIG","evidence-reviewed-residue"
"CCD-LNT-REVIEW","N-[(2S)-2-amino-1,1-dihydroxy-4-methylpentyl]-L-threonine","审核EXCLUDE","manual-92-review","mapped-single","LNT","excluded-nonmonomer"
"CCD-WEH-REVIEW","L-Homoglutamine","审核A","manual-92-review","mapped-single","WEH","evidence-reviewed-residue"
"CCD-45F-REVIEW","(4S)-4-(prop-2-yn-1-yloxy)-L-proline","审核A","manual-92-review","mapped-single","45F","evidence-reviewed-residue"
"CCD-A1CZ7-REVIEW","N,O-dimethyl-L-serine","审核A","manual-92-review","mapped-single","A1CZ7","evidence-reviewed-residue"
"CCD-A1J0G-REVIEW","dimethyl-glutamic acid","审核B","manual-92-review","mapped-single","A1J0G","evidence-reviewed-residue"
"CCD-C67-REVIEW","N~5~-[N-(2-carboxyethyl)carbamimidoyl]-L-ornithine","审核A","manual-92-review","mapped-single","C67","evidence-reviewed-residue"
"CCD-C6D-REVIEW","N~5~-[N-(3-hydroxypropyl)carbamimidoyl]-L-ornithine","审核A","manual-92-review","mapped-single","C6D","evidence-reviewed-residue"
"CCD-GLK-REVIEW","(4S)-4-amino-5,5-dihydroxypentanoic acid","审核C","manual-92-review","mapped-single","GLK","special-reference"
"CCD-LYP-REVIEW","N~6~-METHYL-N~6~-PROPYL-L-LYSINE","审核B","manual-92-review","mapped-single","LYP","evidence-reviewed-residue"
"CCD-9RI-REVIEW","N~6~-[(1R,2S,4S)-bicyclo[2.2.1]heptan-2-yl]-N~6~-methyl-L-lysine","审核B","manual-92-review","mapped-single","9RI","evidence-reviewed-residue"
"CCD-A1BIE-REVIEW","N~6~-(2-methylprop-2-enoyl)-L-lysine","审核B","manual-92-review","mapped-single","A1BIE","evidence-reviewed-residue"
"CCD-A1IL6-REVIEW","(2~{S},4~{S})-4-hexylsulfanylpyrrolidine-2-carboxylic acid","审核A","manual-92-review","mapped-single","A1IL6","evidence-reviewed-residue"
"CCD-C1J-REVIEW","N~5~-(N-octylcarbamimidoyl)-L-ornithine","审核A","manual-92-review","mapped-single","C1J","evidence-reviewed-residue"
"CCD-C4G-REVIEW","N~5~-[N-(3-aminopropyl)carbamimidoyl]-L-ornithine","审核A","manual-92-review","mapped-single","C4G","evidence-reviewed-residue"
"CCD-ZT1-REVIEW","N~6~-[(1-methyl-1H-imidazol-5-yl)methyl]-N~6~-propan-2-yl-L-lysine","审核B","manual-92-review","mapped-single","ZT1","evidence-reviewed-residue"
"CCD-005-REVIEW","(2S,3S)-3-amino-2-hydroxy-4-phenylbutanoic acid","审核B","manual-92-review","mapped-single","005","evidence-reviewed-residue"
"CCD-2IQ-REVIEW","2-(hexylamino)ethanoic acid","审核A","manual-92-review","mapped-single","2IQ","evidence-reviewed-residue"
"CCD-4BA-REVIEW","4-[(2-CARBOXY-ETHYLAMINO)-METHYL]-BENZOIC ACID","审核B","manual-92-review","mapped-single","4BA","evidence-reviewed-residue"
"CCD-0JT-REVIEW","(4R)-4-amino-5-methylhexanoic acid","审核A","manual-92-review","mapped-single","0JT","evidence-reviewed-residue"
"CCD-24M-REVIEW","(1R,2R)-2-[(1S,2S)-2-amino-1-hydroxy-4-methylpentyl]cyclopentanecarboxylic acid","审核B","manual-92-review","mapped-single","24M","evidence-reviewed-residue"
"CCD-24O-REVIEW","(1R,2R)-2-[(1S,2S)-2-amino-1-hydroxy-4-methylpentyl]-4-oxocyclopentanecarboxylic acid","审核B","manual-92-review","mapped-single","24O","evidence-reviewed-residue"
"CCD-3V8-REVIEW","(4S)-4-[4-(2-carboxyethyl)-1H-1,2,3-triazol-1-yl]-L-proline","审核A","manual-92-review","mapped-single","3V8","evidence-reviewed-residue"
"CCD-4H0-REVIEW","(3S)-3-amino-4-oxo-5-(2,3,5,6-tetrafluorophenoxy)pentanoic acid","审核C","manual-92-review","mapped-single","4H0","special-reference"
"CCD-6A0-REVIEW","(2S)-2-amino-8-(hydroxyamino)-8-oxooctanoic acid","审核B","manual-92-review","mapped-single","6A0","evidence-reviewed-residue"
"CCD-6L9-REVIEW","[(2S)-2,3-diamino-3-oxopropyl]propanedioic acid","审核A","manual-92-review","mapped-single","6L9","evidence-reviewed-residue"
"CCD-A1G-REVIEW","(2S)-amino[(3R,5R,7R)-tricyclo[3.3.1.1~3,7~]decan-1-yl]acetic acid","审核A","manual-92-review","mapped-single","A1G","evidence-reviewed-residue"
"CCD-AFC-REVIEW","(3R,12R)-3-amino-12-methyltetradecanoic acid","审核A","manual-92-review","mapped-single","AFC","evidence-reviewed-residue"
"CCD-CHS-REVIEW","4-AMINO-5-CYCLOHEXYL-3-HYDROXY-PENTANOIC ACID","审核B","manual-92-review","mapped-single","CHS","evidence-reviewed-residue"
"CCD-CNT-REVIEW","N-METHYL-META-CHLORO-TYROSINE","审核A","manual-92-review","mapped-single","CNT","evidence-reviewed-residue"
"CCD-DAV-REVIEW","DELTA-AMINO VALERIC ACID","审核A","manual-92-review","mapped-single","DAV","evidence-reviewed-residue"
"CCD-DC0-REVIEW","N-[(2S)-2-amino-4-methylpentyl]-L-phenylalanine","审核EXCLUDE","manual-92-review","mapped-single","DC0","excluded-nonmonomer"
"CCD-DMG-REVIEW","N,N-DIMETHYLGLYCINE","审核B","manual-92-review","mapped-single","DMG","evidence-reviewed-residue"
"CCD-E7P-REVIEW","(2S)-2-amino-4-phosphonobutanoic acid","审核B","manual-92-review","mapped-single","E7P","evidence-reviewed-residue"
"CCD-EE3-REVIEW","(2~{S})-2-azanyl-6-(1,3-oxazol-5-ylcarbonylamino)hexanoic acid","审核A","manual-92-review","mapped-single","EE3","evidence-reviewed-residue"
"CCD-GM8-REVIEW","(2S)-2-[(1S,2S)-2-aminocyclohexyl]butanoic acid","审核B","manual-92-review","mapped-single","GM8","evidence-reviewed-residue"
"CCD-GRN-REVIEW","2-phenyl-L-alanine","审核B","manual-92-review","mapped-single","GRN","evidence-reviewed-residue"
"CCD-KV6-REVIEW","(3R)-3-aminoheptadecanoic acid","审核A","manual-92-review","mapped-single","KV6","evidence-reviewed-residue"
"CCD-LAV-REVIEW","N-[(2S)-2-amino-4-methylpentyl]-L-valine","审核EXCLUDE","manual-92-review","mapped-single","LAV","excluded-nonmonomer"
"CCD-LDO-REVIEW","6-HYDROXY-L-NORLEUCINE","审核B","manual-92-review","mapped-single","LDO","evidence-reviewed-residue"
"CCD-LHE-REVIEW","N-[(2R,3S)-3-amino-2-hydroxy-5-methylhexyl]-L-norvaline","审核EXCLUDE","manual-92-review","mapped-single","LHE","excluded-nonmonomer"
"CCD-LXO-REVIEW","4-(pyridin-4-ylamino)butanoic acid","审核C","manual-92-review","mapped-single","LXO","special-reference"
"CCD-OUD-REVIEW","(3~{S})-3-azanyl-4-(carboxyamino)butanoic acid","审核C","manual-92-review","mapped-single","OUD","special-reference"
"CCD-OUE-REVIEW","(4~{S})-4-azanyl-5-(carboxyamino)pentanoic acid","审核C","manual-92-review","mapped-single","OUE","special-reference"
"CCD-PBE-REVIEW","1,1-DIMETHYL-PROLINIUM","审核B","manual-92-review","mapped-single","PBE","evidence-reviewed-residue"
"CCD-PRW-REVIEW","(2R,3R)-4-AMINO-2,3-DIHYDROXYBUTANOIC ACID","审核B","manual-92-review","mapped-single","PRW","evidence-reviewed-residue"
"CCD-QF0-REVIEW","(3S)-3-amino-4-(naphthalen-2-yl)butanoic acid","审核B","manual-92-review","mapped-single","QF0","evidence-reviewed-residue"
"CCD-SGK-REVIEW","2-(pyridin-2-ylmethylamino)ethanoic acid","审核B","manual-92-review","mapped-single","SGK","evidence-reviewed-residue"
"CCD-SOW-REVIEW","[(2-amino-2-oxoethyl)amino]acetic acid","审核C","manual-92-review","mapped-single","SOW","special-reference"
"CCD-T7H-REVIEW","3-({2-[(carboxymethyl)amino]ethyl}sulfanyl)propanoic acid","审核A","manual-92-review","mapped-single","T7H","evidence-reviewed-residue"
"CCD-TVA-REVIEW","N-[(2R,3S)-3-amino-2-hydroxy-4-(thiophen-2-yl)butyl]-L-norvaline","审核EXCLUDE","manual-92-review","mapped-single","TVA","excluded-nonmonomer"
"CCD-WGB-REVIEW","N-methyl-4-nitro-L-phenylalanine","审核A","manual-92-review","mapped-single","WGB","evidence-reviewed-residue"
"CCD-XZP-REVIEW","(1R,2R)-2-aminocyclopentane-1-carboxylic acid","审核B","manual-92-review","mapped-single","XZP","evidence-reviewed-residue"
"CCD-Y1Y-REVIEW","3-amino-2,3-dideoxy-5-O-(5-methylthiophene-2-carbonyl)-D-erythro-pentonic acid","审核C","manual-92-review","mapped-single","Y1Y","special-reference"
"CCD-ZS8-REVIEW","(2S)-2-amino-2-methyldec-8-ynoic acid","审核A","manual-92-review","mapped-single","ZS8","evidence-reviewed-residue"
"CCD-02K-CORE","1-aminocyclohexanecarboxylic acid","核心审核B","core-priority-review","mapped-single","02K","evidence-reviewed-residue"
"CCD-03E-CORE","1-aminocycloheptanecarboxylic acid","核心审核B","core-priority-review","mapped-single","03E","evidence-reviewed-residue"
"CCD-05N-CORE","(3R,4R)-4-hydroxy-3-methyl-L-proline","核心审核A","core-priority-review","mapped-single","05N","evidence-reviewed-residue"
"CCD-060-CORE","S-methyl-D-cysteine","核心审核A","core-priority-review","mapped-single","060","evidence-reviewed-residue"
"CCD-0EH-CORE","(2R)-2-amino-2-methylnonanoic acid","核心审核A","core-priority-review","mapped-single","0EH","evidence-reviewed-residue"
"CCD-0QZ-CORE","D-Isoserine","核心审核A","core-priority-review","mapped-single","0QZ","evidence-reviewed-residue"
"CCD-0UZ-CORE","(2R)-amino(3-chloro-4-hydroxyphenyl)ethanoic acid","核心审核A","core-priority-review","mapped-single","0UZ","evidence-reviewed-residue"
"CCD-0XO-CORE","2-methyl-D-lysine","核心审核A","core-priority-review","mapped-single","0XO","evidence-reviewed-residue"
"CCD-0XQ-CORE","(2R)-2,8-diamino-2-methyloctanoic acid","核心审核A","core-priority-review","mapped-single","0XQ","evidence-reviewed-residue"
"CCD-0Y9-CORE","(1R,2S)-1-amino-2-ethenylcyclopropanecarboxylic acid","核心审核B","core-priority-review","mapped-single","0Y9","evidence-reviewed-residue"
"CCD-11Q-CORE","1-(cyclohexylmethyl)-L-proline","核心审核A","core-priority-review","mapped-single","11Q","evidence-reviewed-residue"
"CCD-192-CORE","1-AMINOCYCLOBUTANECARBOXLIC ACID","核心审核B","core-priority-review","mapped-single","192","evidence-reviewed-residue"
"CCD-1AC-CORE","1-AMINOCYCLOPROPANECARBOXYLIC ACID","核心审核B","core-priority-review","mapped-single","1AC","evidence-reviewed-residue"
"CCD-1JM-CORE","4-carboxy-N-methyl-D-phenylalanine","核心审核A","core-priority-review","mapped-single","1JM","evidence-reviewed-residue"
"CCD-DTY-CORE","D-TYROSINE","核心审核A","core-priority-review","mapped-single","DTY","evidence-reviewed-residue"
"CCD-DLY-CORE","D-LYSINE","核心审核A","core-priority-review","mapped-single","DLY","evidence-reviewed-residue"
"CCD-DSN-CORE","D-SERINE","核心审核A","core-priority-review","mapped-single","DSN","evidence-reviewed-residue"
"CCD-DTR-CORE","D-TRYPTOPHAN","核心审核A","core-priority-review","mapped-single","DTR","evidence-reviewed-residue"
"CCD-DTH-CORE","D-THREONINE","核心审核A","core-priority-review","mapped-single","DTH","evidence-reviewed-residue"
"CCD-DCY-CORE","D-CYSTEINE","核心审核A","core-priority-review","mapped-single","DCY","evidence-reviewed-residue"
