"ccdId","pdbId","componentClass","componentClassLabel","conclusion"
"1TX","4KTY","pdb-peptide-occurrence","PDB肽中出现，独立单体资料待补","PDB occurrence is confirmed, but the representative title does not resolve an independent residue role"
"A0G","6U48","evidence-reviewed-residue","已确认有CCD定义的非天然氨基酸残基","dehydroserine-like residue repeated in the 22-residue natural peptide phazolicin"
"A1A7V","9CFO","excluded-nonmonomer","非单体／明确排除","S-lactoylcysteine formed as a methylglyoxal-derived DJ-1 protein adduct"
"A1ADO","8VRH","special-reference","特殊用途构件／结构参考","fluoroleucine incorporated into a long engineered protein"
"A1ADY","8VTN","special-reference","特殊用途构件／结构参考","nitrophenylalanine-derived residue incorporated into a photosynthetic reaction-center protein"
"A1ADZ","8VTL","special-reference","特殊用途构件／结构参考","methoxyphenylalanine-derived residue incorporated into a photosynthetic reaction-center protein"
"A1AL8","9BBJ","evidence-reviewed-residue","已确认有CCD定义的非天然氨基酸残基","prenylated tryptophan residue in a cyclic rufomycin click-chemistry analogue"
"A1ALE","9BC2","evidence-reviewed-residue","已确认有CCD定义的非天然氨基酸残基","noncanonical amino-acid residue in a seven-unit transglutaminase-binding peptide"
"A1AMB","9BBJ","evidence-reviewed-residue","已确认有CCD定义的非天然氨基酸残基","triazolylalanine residue in a cyclic rufomycin analogue"
"A1AMC","9BBJ","special-reference","特殊用途构件／结构参考","amino-triol unit in a cyclic rufomycin analogue; not an ordinary carboxylic amino-acid monomer"
"A1AMM","8U8E","special-reference","特殊用途构件／结构参考","4-benzylphenylalanine incorporated into the 446-residue Sub2 protein"
"A1AQ4","9BJU","evidence-reviewed-residue","已确认有CCD定义的非天然氨基酸残基","4-phenyl-D-phenylalanine residue in a five-unit VHL-binding peptide"
"A1AT6","9C2Y","evidence-reviewed-residue","已确认有CCD定义的非天然氨基酸残基","dihydroindole carboxylic-acid residue in a five-unit caspase-2 inhibitor"
"A1AT7","9C2Y","evidence-reviewed-residue","已确认有CCD定义的非天然氨基酸残基","methyl-dihydroisoquinoline carboxylic-acid residue in a five-unit caspase-2 inhibitor"
"A1AVU","9C5D","special-reference","特殊用途构件／结构参考","fluorovaline incorporated into a long engineered protein"
"A1B9V","9O6A","excluded-nonmonomer","非单体／明确排除","oxidized sulfur-containing tryptophan center formed in KatG protein"
"A1BC5","9DXB","special-reference","特殊用途构件／结构参考","linked seryl-glycinamide construct used in an ADO substrate peptide"
"A1BDE","9DXV","special-reference","特殊用途构件／结构参考","N6-seryl-lysine isopeptide construct used in an ADO substrate peptide"
"A1BE5","8UL0","excluded-nonmonomer","非单体／明确排除","mature fluorescent-protein chromophore rather than an isolated amino-acid monomer"
"A1BEB","9E3X","evidence-reviewed-residue","已确认有CCD定义的非天然氨基酸残基","2-methyllysine residue in a backbone-modified plectasin defensin"
"A1BIT","9ECV","evidence-reviewed-residue","已确认有CCD定义的非天然氨基酸残基","piperidine carboxylic-acid residue in a three-unit RSV polymerase inhibitor"
"A1BIU","9ED2","evidence-reviewed-residue","已确认有CCD定义的非天然氨基酸残基","chlorophenylglycine residue in a three-unit RSV polymerase inhibitor"
"A1BZO","8ZZO","evidence-reviewed-residue","已确认有CCD定义的非天然氨基酸残基","O-octanoyl-serine residue in the ghrelin peptide"
"A1C0O","9Z3V","evidence-reviewed-residue","已确认有CCD定义的非天然氨基酸残基","acetamidomethyl-phenylalanine residue in a 14-unit MCL1-binding peptide"
"A1CH8","9PG4","evidence-reviewed-residue","已确认有CCD定义的非天然氨基酸残基","trifluoroethyl-guanidino ornithine residue in a four-unit UBR2-binding peptide"
"A1CLH","9PUZ","evidence-reviewed-residue","已确认有CCD定义的非天然氨基酸残基","N-benzyl-D-tryptophan residue in an 11-unit HRAS-binding peptide"
"A1D64","8YRF","special-reference","特殊用途构件／结构参考","4-amino-phenylcysteine incorporated into the LmrR protein"
"A1D9O","21NS","special-reference","特殊用途构件／结构参考","dihydroxyproline repeat in a 36-unit noncanonical TLP polymer"
"A1DP2","9CFI","excluded-nonmonomer","非单体／明确排除","methylglyoxal-derived hydroxy-oxopropyl cysteine adduct in DJ-1"
"A1E9U","26NL","special-reference","特殊用途构件／结构参考","aminobenzoic-acid backbone unit in a six-unit HIV-capsid/VHL ligand"
"A1ECI","9J6E","excluded-nonmonomer","非单体／明确排除","enzyme-bound glutaryl-CoA-related thioester intermediate"
"A1ECK","9JAM","special-reference","特殊用途构件／结构参考","N-methylsulfonyl fluorophenylalanine unit in a four-unit protease inhibitor"
"A1ECL","9JAN","special-reference","特殊用途构件／结构参考","N-methylsulfonyl difluorophenylalanine unit in a four-unit protease inhibitor"
"A1ECM","9JAL","special-reference","特殊用途构件／结构参考","N-methylsulfonyl tert-leucine-like unit in a four-unit protease inhibitor"
"A1EIC","9L2B","excluded-nonmonomer","非单体／明确排除","carbaryl-derived O-methylcarbamoyl serine enzyme adduct"
"A1EJ4","9LFQ","excluded-nonmonomer","非单体／明确排除","transaldolase reaction-derived lysine imine intermediate"
"A1ER5","21BK","excluded-nonmonomer","非单体／明确排除","enzyme-bound aspartate ester/substrate intermediate"
"A1EUR","9W2H","evidence-reviewed-residue","已确认有CCD定义的非天然氨基酸残基","O-methylhomoserine-like residue in an eight-unit NK2R peptide ligand"
"A1H5N","8S7I","excluded-nonmonomer","非单体／明确排除","aldolase lysine Schiff-base reaction adduct"
"A1H5W","8PI3","evidence-reviewed-residue","已确认有CCD定义的非天然氨基酸残基","azidoalanine residue in an 11-unit cathepsin-S inhibitor peptide"
"A1H96","9EQD","special-reference","特殊用途构件／结构参考","thiourea-bearing lysine analogue genetically encoded in an engineered enzyme"
"A1I48","9QAI","special-reference","特殊用途构件／结构参考","terminal amino-aldehyde transition-state mimic in an MG132-like tetrapeptide"
"A1I67","9QB4","special-reference","特殊用途构件／结构参考","epoxyketone warhead unit in a carfilzomib-like pentapeptide"
"A1I9G","9QQT","special-reference","特殊用途构件／结构参考","methylhistidine post-translational residue in methyl-coenzyme-M reductase"
"A1I9S","9QOG","special-reference","特殊用途构件／结构参考","quinoline oligoamide foldamer unit"
"A1IHG","9FYU","special-reference","特殊用途构件／结构参考","thioxanthone-bearing amino acid incorporated into an engineered photoenzyme"
"A1IID","9G51","special-reference","特殊用途构件／结构参考","mercaptophenylalanine incorporated into the LmrR protein"
"A1IJ4","5L3O","special-reference","特殊用途构件／结构参考","quinoline oligoamide foldamer unit"
"A1IJF","9G7Q","excluded-nonmonomer","非单体／明确排除","mature fluorescent-protein chromophore unit"
"A1IJP","9GAJ","special-reference","特殊用途构件／结构参考","quinoline-aldehyde oligoamide foldamer unit"
"A1IJQ","9GAM","special-reference","特殊用途构件／结构参考","aminquinoline-carboxylic-acid oligoamide foldamer unit"
"A1IKE","9GAJ","special-reference","特殊用途构件／结构参考","aminophenoxy-propanoic-acid oligoamide foldamer unit"
"A1IPL","9GTV","special-reference","特殊用途构件／结构参考","para-boronophenylalanine incorporated into the RamR protein"
"A1IQX","9GYH","special-reference","特殊用途构件／结构参考","iodoacetamide-functionalized histidine in lysozyme"
"A1IU4","5LVS","special-reference","特殊用途构件／结构参考","carboxyamino-hydroxyquinoline oligoamide foldamer unit"
"A1IUO","9HGP","special-reference","特殊用途构件／结构参考","indenyl aminophenoxy-propanoic-acid oligoamide foldamer unit"
"A1JCN","9R2D","excluded-nonmonomer","非单体／明确排除","allylic-transferase-bound reaction product/intermediate"
"A1JPL","9SMN","special-reference","特殊用途构件／结构参考","terminal thiobutyric-acid modification in a 76-residue ubiquitin construct"
"A1JPT","9SMP","special-reference","特殊用途构件／结构参考","stereoisomeric terminal thiobutyric-acid modification in a 76-residue ubiquitin construct"
"A1L2U","9IM7","special-reference","特殊用途构件／结构参考","aminohexanoyl-proline combined linker unit in a seven-unit PLK1-binding ligand"
"A1L4B","4ZTT","excluded-nonmonomer","非单体／明确排除","nitrosyl/oxo ornithine-like ferritin reaction intermediate"
"A1L4D","9JBL","special-reference","特殊用途构件／结构参考","N-benzoyl phenylalanine cap at the start of an amyloidogenic heptapeptide"
"A1LUT","9FVW","evidence-reviewed-residue","已确认有CCD定义的非天然氨基酸残基","beta-hydroxyasparagine residue in a 39-residue Factor-X peptide fragment"
"A1LUV","9C79","evidence-reviewed-residue","已确认有CCD定义的非天然氨基酸残基","hydroxylysine residue in a circumsporozoite-protein-derived peptide"
"A1MCG","9X2Q","evidence-reviewed-residue","已确认有CCD定义的非天然氨基酸残基","pyrimidinylamino phenylalanine repeated in a 17-unit GSK3beta-binding peptide"
"A30","7SPE","special-reference","特殊用途构件／结构参考","O-ethyltyrosine incorporated into myoglobin"
"A3U","7SPF","special-reference","特殊用途构件／结构参考","acetamidophenylalanine incorporated into myoglobin"
"A5N","2XJF","excluded-nonmonomer","非单体／明确排除","covalently modified asparagine reaction product in nucleotidase"
"A8E","3SGM","evidence-reviewed-residue","已确认有CCD定义的非天然氨基酸残基","bromoalkenyl amino-acid residue in an 11-residue amyloid segment"
"AA4","1MIK","evidence-reviewed-residue","已确认有CCD定义的非天然氨基酸残基","5-hydroxynorvaline residue in a cyclosporin cyclic peptide analogue"
"AEI","4ECA","excluded-nonmonomer","非单体／明确排除","covalent threonine-aspartate enzyme intermediate"
"AGM","1E6Y","special-reference","特殊用途构件／结构参考","methylarginine post-translational residue in methyl-coenzyme-M reductase"
"AGQ","3MPH","excluded-nonmonomer","非单体／明确排除","diamine-oxidase inhibitor-derived quinone/hydrazone adduct"
"AGT","2JER","excluded-nonmonomer","非单体／明确排除","agmatine-deiminase catalytic cysteine reaction intermediate"
"ALY","1E6I","evidence-reviewed-residue","已确认有CCD定义的非天然氨基酸残基","N6-acetyllysine residue in a histone H4 peptide"
"API","148L","special-reference","特殊用途构件／结构参考","diaminopimelic-acid peptidoglycan unit observed in an enzyme-substrate intermediate"
"ARO","1FFU","special-reference","特殊用途构件／结构参考","gamma-hydroxyarginine residue in a metalloenzyme protein"
"ASB","1QQ6","excluded-nonmonomer","非单体／明确排除","covalent aspartate carboxymethyl-ester dehalogenase intermediate"
"ASL","2NO5","excluded-nonmonomer","非单体／明确排除","covalent aspartate carboxyethyl-ester dehalogenase intermediate"
"AZH","2XO2","special-reference","特殊用途构件／结构参考","azidohomoalanine incorporated into the Annexin-V protein"
"B2N","5HG2","evidence-reviewed-residue","已确认有CCD定义的非天然氨基酸残基","beta2-asparagine residue in a backbone-modified GB1 helix"
"B8R","6J67","evidence-reviewed-residue","已确认有CCD定义的非天然氨基酸残基","long-chain diamino-acid residue in a six-unit TRF2-binding peptide"
"BCS","1EH8","excluded-nonmonomer","非单体／明确排除","benzylcysteine formed by covalent modification of an alkyltransferase protein"
"BE2","1E8N","special-reference","特殊用途构件／结构参考","anthranilic-acid N-terminal backbone unit in a nine-unit protease ligand"
"BFD","2JCM","excluded-nonmonomer","非单体／明确排除","aspartate-beryllium-trifluoride transition-state complex"
"BH2","1CCF","special-reference","特殊用途构件／结构参考","beta-hydroxyaspartate post-translational residue in an EGF-like protein domain"
"BHD","1AUT","special-reference","特殊用途构件／结构参考","stereoisomeric beta-hydroxyaspartate residue in activated protein C"
"BP5","23EF","special-reference","特殊用途构件／结构参考","bipyridylalanine incorporated into an artificial copper-binding protein"
"BTK","3MUL","evidence-reviewed-residue","已确认有CCD定义的非天然氨基酸残基","N6-butanoyllysine residue in a histone H3 peptide"
"BW5","5OK3","evidence-reviewed-residue","已确认有CCD定义的非天然氨基酸残基","adamantylalanine residue in an 18-unit kinase-binding peptide"
"BWV","6AU5","evidence-reviewed-residue","已确认有CCD定义的非天然氨基酸残基","butylguanidino-ornithine residue in a meditope peptide variant"
"BXT","6EUE","excluded-nonmonomer","非单体／明确排除","carbamylated serine formed by a rivastigmine-like acetylcholinesterase inhibitor"
"BYR","4WR4","special-reference","特殊用途构件／结构参考","3-bromotyrosine incorporated into a GST protein"
"C0O","6JN0","special-reference","特殊用途构件／结构参考","dehydrodiaminopimelic-acid unit in a peptidoglycan tripeptide"
"C1S","4MKJ","excluded-nonmonomer","非单体／明确排除","allyldisulfanyl cysteine formed by allicin modification of an enzyme"
"C3Y","2UXY","excluded-nonmonomer","非单体／明确排除","hydroxylamine-derived cysteine enzyme adduct"
"C5C","1A3V","special-reference","特殊用途构件／结构参考","cyclopentyl-disulfide cysteine modification in staphylococcal nuclease"
"C6C","1A3U","special-reference","特殊用途构件／结构参考","cyclohexyl-disulfide cysteine modification in staphylococcal nuclease"
"C99","2HCG","excluded-nonmonomer","非单体／明确排除","mature GFP chromophore after cyclization and oxidation"
"CG6","5EZE","evidence-reviewed-residue","已确认有CCD定义的非天然氨基酸残基","beta-methylcysteine residue in a designed 31-unit coiled-coil peptide"
