ccdId,name,componentType,parentCcd,formula,initialDate,modifiedDate,alreadyAnywhereInWebsiteCatalog,officialUrl,reviewStatus
05O,(2S)-2-amino-3-[4-(trifluoromethoxy)phenyl]propanal,L-peptide linking,?,C10 H10 F3 N O3,2021-06-02,2024-09-27,True,https://www.rcsb.org/ligand/05O,identity-classification-recheck
0MU,"(2R)-5-(acetyloxymethyl)-2-[(1R)-1-[[(5R)-5-azanyl-6-oxidanyl-6-oxidanylidene-hexanoyl]amino]-2-oxidanylidene-ethyl]-5,6-dihydro-2H-1,3-thiazine-4-carboxylic acid",D-peptide linking,?,C16 H23 N3 O8 S,2012-03-05,2024-09-27,True,https://www.rcsb.org/ligand/0MU,identity-classification-recheck
13E,N-[(2S)-2-amino-3-phenylpropyl]-L-methionine,L-PEPTIDE LINKING,?,C14 H22 N2 O2 S,2012-10-02,2024-09-27,True,https://www.rcsb.org/ligand/13E,identity-classification-recheck
175,"3,5-DIHYDRO-5-METHYLIDENE-4H-IMIDAZOL-4-ON",L-PEPTIDE LINKING,"ALA, SER, GLY",C8 H16 N4 O3,2004-05-23,2024-09-27,True,https://www.rcsb.org/ligand/175,identity-classification-recheck
1G3,(2S)-1-[4-(aminomethyl)phenyl]-4-(methylsulfonyl)butan-2-amine,L-PEPTIDE LINKING,?,C12 H20 N2 O2 S,2013-01-22,2020-02-14,True,https://www.rcsb.org/ligand/1G3,identity-classification-recheck
22G,N-[(2S)-2-amino-3-phenylpropyl]-L-tyrosine,L-PEPTIDE LINKING,?,C18 H22 N2 O3,2013-08-23,2024-09-27,True,https://www.rcsb.org/ligand/22G,identity-classification-recheck
2AD,2'-AMINO-2'-DEOXYADENOSINE,L-PEPTIDE LINKING,?,C10 H14 N6 O3,2003-02-04,2011-06-04,True,https://www.rcsb.org/ligand/2AD,identity-classification-recheck
2DO,"(2S)-2-AMINOHEXANE-1,1-DIOL",L-PEPTIDE LINKING,?,C6 H15 N O2,2005-09-26,2024-09-27,True,https://www.rcsb.org/ligand/2DO,identity-classification-recheck
2JF,(2S)-2-amino-3-oxopropyl 4-{[(2S)-2-hydroxy-4-methylpentanoyl]amino}butanoate,L-PEPTIDE LINKING,?,C13 H24 N2 O5,2013-10-29,2024-09-27,True,https://www.rcsb.org/ligand/2JF,identity-classification-recheck
4F3,[2-(1-AMINO-2-HYDROXY-PROPYL)-4-(4-FLUORO-1H-INDOL-3-YLMETHYL)-5-HYDROXY-IMIDAZOL-1-YL]-ACETIC ACID,L-PEPTIDE LINKING,"GLY, TYR, GLY",C17 H19 F N4 O4,2003-12-16,2024-09-27,True,https://www.rcsb.org/ligand/4F3,identity-classification-recheck
4M9,"(4Z)-4-imino-4-[(4Z)-4-(1H-indol-3-ylmethylidene)-5-oxo-1-(2-oxoethyl)-4,5-dihydro-1H-imidazol-2-yl]butanamide",L-peptide linking,"GLN, TRP, GLY",C18 H17 N5 O4,2015-04-15,2024-09-27,True,https://www.rcsb.org/ligand/4M9,identity-classification-recheck
4NT,"[(4Z)-2-[(1R,2R)-1-amino-2-hydroxypropyl]-4-(3-chloro-4-hydroxybenzylidene)-5-oxo-4,5-dihydro-1H-imidazol-1-yl]acetic acid",L-peptide linking,"THR, TYR, GLY",C15 H16 Cl N3 O5,2015-04-21,2024-09-27,True,https://www.rcsb.org/ligand/4NT,identity-classification-recheck
4NU,"{(4Z)-2-[(1R,2R)-1-amino-2-hydroxypropyl]-4-[(3,5-dichloro-4-oxocyclohexa-2,5-dien-1-yl)methylidene]-5-oxo-4,5-dihydro-1H-imidazol-1-yl}acetic acid",L-peptide linking,"THR, TYR, GLY",C15 H15 Cl2 N3 O5,2015-04-21,2024-09-27,True,https://www.rcsb.org/ligand/4NU,identity-classification-recheck
5SQ,2-[2-[(1S)-1-azanyl-2-(1H-imidazol-4-yl)ethyl]-4-[(4-hydroxyphenyl)methylidene]-5-oxidanylidene-imidazol-1-yl]ethanoic acid,L-peptide linking,"HIS, TYR, GLY",C17 H17 N5 O4,2015-11-24,2024-09-27,True,https://www.rcsb.org/ligand/5SQ,identity-classification-recheck
5X8,S-adenosyl-L-cysteine,L-peptide linking,?,C13 H18 N6 O5 S,2015-12-17,2016-04-01,True,https://www.rcsb.org/ligand/5X8,identity-classification-recheck
5ZA,"(5Z)-2-[(1S,2R)-1-AMINO-2-HYDROXYPROPYL]-5-[(4-AMINO-1H-INDOL-3-YL)METHYLENE]-3-(2-HYDROXYETHYL)-3,5-DIHYDRO-4H-IMIDAZOL-4-ONE",L-PEPTIDE LINKING,"THR, TRP, GLY",C17 H19 N5 O4,2003-04-22,2024-09-27,True,https://www.rcsb.org/ligand/5ZA,identity-classification-recheck
66C,"4-[8-(beta-alanyl)-8,9-dihydro-1H-dibenzo[b,f][1,2,3]triazolo[4,5-d]azocin-1-yl]-L-phenylalanine",L-peptide linking,?,C27 H26 N6 O3,2016-02-03,2024-09-27,True,https://www.rcsb.org/ligand/66C,identity-classification-recheck
6V9,"2-methyl-1,3-thiazole-5-carboxylic acid",peptide linking,?,C5 H5 N O2 S,2016-07-04,2024-09-27,True,https://www.rcsb.org/ligand/6V9,identity-classification-recheck
7MN,"(Z)-N-[(1E)-1-carboxy-2-(2,3-dihydro-1H-indol-1-yl)ethylidene]{3-hydroxy-2-methyl-5-[(phosphonooxy)methyl]pyridin-4(1H)-ylidene}methanaminium",PEPTIDE LINKING,?,C19 H23 N3 O7 P,2011-01-18,2011-06-04,True,https://www.rcsb.org/ligand/7MN,identity-classification-recheck
7R0,2-[(4E)-2-[(1S)-1-azanyl-2-(1H-imidazol-4-yl)ethyl]-4-[(4-hydroxyphenyl)methylidene]-5-oxidanylidene-imidazol-1-yl]ethanoic acid,L-peptide linking,"HIS, TYR, GLY",C17 H17 N5 O4,2021-08-21,2024-09-27,True,https://www.rcsb.org/ligand/7R0,identity-classification-recheck
9JC,4-(aminomethyl)-8-azanyl-quinoline-2-carbaldehyde,L-peptide linking,?,C11 H11 N3 O2,2021-11-15,2024-09-27,True,https://www.rcsb.org/ligand/9JC,identity-classification-recheck
A1A48,"(4Z)-4-{(4Z)-1-(carboxymethyl)-4-[(1H-indol-3-yl)methylidene]-5-oxo-4,5-dihydro-1H-imidazol-2-yl}-4-iminobutanoic acid",L-peptide linking,?,C18 H16 N4 O5,2024-09-09,2025-07-04,True,https://www.rcsb.org/ligand/A1A48,identity-classification-recheck
A1ADW,"(2S)-2-amino-3-(2-methylphenyl)propane-1,1-diol",L-peptide linking,?,C10 H13 N O2,2024-01-29,2024-10-02,True,https://www.rcsb.org/ligand/A1ADW,identity-classification-recheck
A1ADY,(2~{S})-2-azanyl-3-[2-[oxidanyl(oxidanylidene)-$l^{4}-azanyl]phenyl]propan-1-ol,L-peptide linking,?,C9 H10 N2 O4,2024-01-29,2024-10-02,True,https://www.rcsb.org/ligand/A1ADY,identity-classification-recheck
A1ADZ,(2S)-2-amino-3-(2-methoxyphenyl)propan-1-ol,L-peptide linking,?,C10 H13 N O3,2024-01-29,2024-10-02,True,https://www.rcsb.org/ligand/A1ADZ,identity-classification-recheck
A1BE5,"{(4E)-2-[(1S)-1-aminoethyl]-4-[(4-hydroxyphenyl)methylidene]-5-oxo-4,5-dihydro-1H-imidazol-1-yl}acetic acid",L-peptide linking,"ALA, TYR, GLY",C14 H15 N3 O4,2024-11-03,2024-11-22,True,https://www.rcsb.org/ligand/A1BE5,identity-classification-recheck
A1CNA,"[(4Z)-2-[(1R,2R)-1-amino-2-hydroxypropyl]-4-{[(7-nitro-2,1,3-benzoselenadiazol-4-yl)amino]methylidene}-5-oxo-4,5-dihydro-1H-imidazol-1-yl]acetic acid",L-peptide linking,"THR,ALA,GLY",C15 H15 N7 O6 Se,2025-08-12,2026-08-21,True,https://www.rcsb.org/ligand/A1CNA,identity-classification-recheck
A1CRN,"[(4Z)-2-[(1R,2R)-1-amino-2-hydroxypropyl]-4-{[(7-nitro-1,3-dihydro-2,1,3-benzoxadiazol-4-yl)amino]methylidene}-5-oxo-4,5-dihydro-1H-imidazol-1-yl]acetic acid",L-peptide linking,"THR, ALA, GLY",C15 H17 N7 O7,2024-09-16,2026-08-21,True,https://www.rcsb.org/ligand/A1CRN,identity-classification-recheck
A1H6Z,(2~{S})-2-azanyl-3-(6-azanylpyridin-3-yl)propanal,L-peptide linking,?,C8 H11 N3 O2,2024-03-27,2025-02-21,True,https://www.rcsb.org/ligand/A1H6Z,identity-classification-recheck
A1I48,"(2~{S},3~{R})-2-azanyl-3-[(1~{R},2~{S})-2-azanyl-4-methyl-1-oxidanyl-pentoxy]butanal",L-peptide linking,?,C10 H22 N2 O4,2025-03-03,2025-10-03,True,https://www.rcsb.org/ligand/A1I48,identity-classification-recheck
A1I67,"(2~{R},3~{S},6~{R},7~{S})-7-[(1~{S})-1-azanyl-3-methyl-butyl]-2,6-dimethyl-6,7-bis(oxidanyl)-1,4-oxazepane-3-carbaldehyde",L-peptide linking,?,C13 H26 N2 O5,2025-03-20,2025-04-03,True,https://www.rcsb.org/ligand/A1I67,identity-classification-recheck
A1I9P,8-azanyl-4-[2-(2-methoxyethoxy)ethylsulfanyl]quinoline-2-carbaldehyde,L-peptide linking,?,C15 H18 N2 O4 S,2025-04-03,2026-06-19,True,https://www.rcsb.org/ligand/A1I9P,identity-classification-recheck
A1ICL,(3-aminopropyl)carbamic acid,peptide linking,?,C4 H10 N2 O2,2024-06-03,2026-08-28,False,https://www.rcsb.org/ligand/A1ICL,absent-from-website-snapshot
A1IJ4,4-[3-(aminomethyl)phenoxy]butylcarbamic acid,L-peptide linking,?,C12 H18 N2 O3,2024-08-06,2024-09-27,True,https://www.rcsb.org/ligand/A1IJ4,identity-classification-recheck
A1IJE,"(4~{S})-4-azanyl-4-[1-(2-hydroxy-2-oxoethyl)-5-oxidanylidene-4-[(4-oxidanylidenecyclohexa-2,5-dien-1-ylidene)methyl]-4~{H}-imidazol-2-yl]butanoic acid",L-peptide linking,?,C16 H17 N3 O6,2024-07-29,2025-08-22,True,https://www.rcsb.org/ligand/A1IJE,identity-classification-recheck
A1IJF,2-[(4Z)-2-(aminomethyl)-4-[(3-azanyl-4-oxidanyl-phenyl)methylidene]-5-oxidanylidene-imidazol-1-yl]ethanoic acid,L-peptide linking,"GLY, TY2, GLY",C13 H14 N4 O4,2024-07-30,2025-05-16,True,https://www.rcsb.org/ligand/A1IJF,identity-classification-recheck
A1IJP,8-azanyl-5-(2-phenylethyl)quinoline-2-carbaldehyde,L-peptide linking,?,C18 H16 N2 O2,2024-08-01,2025-08-01,True,https://www.rcsb.org/ligand/A1IJP,identity-classification-recheck
A1IM3,(3~{R})-3-azanyl-4-(1~{H}-indol-3-yl)butanal,D-peptide linking,?,C12 H14 N2 O2,2024-08-30,2024-09-27,True,https://www.rcsb.org/ligand/A1IM3,identity-classification-recheck
A1IU4,8-(carboxyamino)-4-oxidanyl-quinoline-2-carboxylic acid,peptide linking,?,C11 H8 N2 O5,2024-11-25,2024-11-29,True,https://www.rcsb.org/ligand/A1IU4,identity-classification-recheck
A1MB8,(2~{R})-2-[[2-methyl-3-oxidanyl-5-(phosphonooxymethyl)pyridin-4-yl]methylamino]-3-phenyl-propanoic acid,D-peptide linking,DPN,C17 H21 N2 O7 P,2025-09-19,2026-03-25,True,https://www.rcsb.org/ligand/A1MB8,identity-classification-recheck
B2C,"{(4Z)-2-[(1R,2R)-1-amino-2-hydroxypropyl]-4-[(3-bromo-4-hydroxyphenyl)methylidene]-5-oxo-4,5-dihydro-1H-imidazol-1-yl}acetic acid",L-peptide linking,"Thr,Tyr,Gly",C15 H16 Br N3 O5,2019-04-02,2024-09-27,True,https://www.rcsb.org/ligand/B2C,identity-classification-recheck
B2H,"Chromophore (Thr, Trp, Gly)",L-peptide linking,"THR, TRP, GLY",C17 H20 N4 O4,2017-09-06,2024-09-27,True,https://www.rcsb.org/ligand/B2H,identity-classification-recheck
BF6,"[(4Z)-2-(aminomethyl)-4-{[4-(benzenecarbonyl)phenyl]methylidene}-5-oxo-4,5-dihydro-1H-imidazol-1-yl]acetic acid",L-peptide linking,"GLY, TYR, GLY",C20 H17 N3 O4,2018-12-20,2024-09-27,True,https://www.rcsb.org/ligand/BF6,identity-classification-recheck
BF9,"[(4Z)-2-[(1R,2S)-1-amino-2-hydroxypropyl]-4-{[4-(benzenecarbonyl)phenyl]methylidene}-5-oxo-4,5-dihydro-1H-imidazol-1-yl]acetic acid",L-peptide linking,"THR, PHE, GLY",C22 H21 N3 O5,2018-12-19,2024-09-27,True,https://www.rcsb.org/ligand/BF9,identity-classification-recheck
BJO,"(4Z)-4-amino-4-{1-(carboxymethyl)-5-oxo-4-[(4-oxocyclohexa-2,5-dien-1-ylidene)methyl]-1,5-dihydro-2H-imidazol-2-ylidene}butanoic acid",L-peptide linking,"LEU, LEU, GLY",C16 H15 N3 O6,2019-02-07,2024-09-27,True,https://www.rcsb.org/ligand/BJO,identity-classification-recheck
C12,2-(1-AMINO-2-HYDROXYPROPYL)-4-(4-HYDROXYBENZYL)-1-(2-OXOETHYL)-1H-IMIDAZOL-5-OLATE,L-PEPTIDE LINKING,"THR, TYR, GLY",C15 H18 N3 O5,2006-02-23,2024-09-27,True,https://www.rcsb.org/ligand/C12,identity-classification-recheck
C66,2-AMINOETHYLLYSINE-CARBONYLMETHYLENE-CYTOSINE,L-PEPTIDE LINKING,?,C14 H24 N6 O4,2003-02-19,2024-09-27,True,https://www.rcsb.org/ligand/C66,identity-classification-recheck
C99,"{(2R)-2-[(1S,2R)-1-AMINO-2-HYDROXYPROPYL]-2-HYDROXY-4,5-DIOXOIMIDAZOLIDIN-1-YL}ACETIC ACID",L-PEPTIDE LINKING,"THR, PHE, GLY",C8 H13 N3 O6,2007-03-23,2024-09-27,True,https://www.rcsb.org/ligand/C99,identity-classification-recheck
CCY,"2-(1-AMINO-2-MERCAPTO-ETHYL)-5-(4-HYDROXY-BENZYL)-3-(ETHANOYL)-3,5-DIHYDRO-IMIDAZOL-4-ONE",L-PEPTIDE LINKING,"CYS, TYR, GLY",C14 H19 N3 O4 S,1999-07-08,2024-09-27,True,https://www.rcsb.org/ligand/CCY,identity-classification-recheck
CDE,"1,2-DIMETHYL-PROPYLAMINE",L-PEPTIDE LINKING,?,C5 H13 N,1999-07-08,2024-09-27,True,https://www.rcsb.org/ligand/CDE,identity-classification-recheck
CFY,"[(4Z)-2-{(2R)-2-[(1S)-1-amino-2-phenylethyl]-2-hydroxy-2,5-dihydro-1,3-thiazol-4-yl}-4-(4-hydroxybenzylidene)-5-oxo-4,5-dihydro-1H-imidazol-1-yl]acetic acid",L-PEPTIDE LINKING,"PHE, CYS, TYR, GLY",C23 H22 N4 O5 S,2006-02-14,2024-09-27,True,https://www.rcsb.org/ligand/CFY,identity-classification-recheck
CH6,"{(4Z)-2-[(1S)-1-amino-3-(methylsulfanyl)propyl]-4-[(4-hydroxyphenyl)methylidene]-5-oxo-4,5-dihydro-1H-imidazol-1-yl}acetic acid",L-PEPTIDE LINKING,"MET, TYR, GLY",C16 H19 N3 O4 S,2004-08-30,2024-09-27,True,https://www.rcsb.org/ligand/CH6,identity-classification-recheck
CH7,"[(4Z)-4-(4-HYDROXYBENZYLIDENE)-5-OXO-2-(3,4,5,6-TETRAHYDROPYRIDIN-2-YL)-4,5-DIHYDRO-1H-IMIDAZOL-1-YL]ACETIC ACID",L-PEPTIDE LINKING,"LYS,TYR,GLY",C17 H17 N3 O4,2004-08-31,2024-09-27,True,https://www.rcsb.org/ligand/CH7,identity-classification-recheck
CIV,"2-[2-[(1~{S})-1,5-bis(azanyl)pentyl]-4-[(4-hydroxyphenyl)methyl]-5-oxidanylidene-imidazol-1-yl]ethanamide",L-peptide linking,"LYS, TYR, GLY",C17 H23 N4 O4,2021-11-22,2024-09-27,True,https://www.rcsb.org/ligand/CIV,identity-classification-recheck
CJO,"[(2R,4R)-2-[(1R,2R)-1-amino-2-hydroxypropyl]-4-(4-hydroxybenzyl)-5-oxoimidazolidin-1-yl]acetic acid",L-PEPTIDE LINKING,"GLY, TYR, GLY",C15 H21 N3 O5,2008-12-19,2024-09-27,True,https://www.rcsb.org/ligand/CJO,identity-classification-recheck
CLB,D-PARA-CHLOROPHENYL-1-ACETAMIDOBORONIC ACID ALANINE,D-PEPTIDE LINKING,?,C13 H19 B Cl N2 O6,1999-07-08,2024-09-27,True,https://www.rcsb.org/ligand/CLB,identity-classification-recheck
CLD,D-PARA-CHLOROPHENYL-1-ACTEAMIDOBORONIC ACID ALANINE,D-PEPTIDE LINKING,?,C13 H19 B Cl N2 O6,1999-07-08,2024-09-27,True,https://www.rcsb.org/ligand/CLD,identity-classification-recheck
CQ1,"[(4Z)-2-[(1R,2R)-1-amino-2-hydroxypropyl]-4-(4-azidobenzylidene)-5-oxo-4,5-dihydro-1H-imidazol-1-yl]acetic acid",PEPTIDE LINKING,"THR, TYR, GLY",C15 H16 N6 O4,2013-02-21,2024-09-27,True,https://www.rcsb.org/ligand/CQ1,identity-classification-recheck
CQ2,"{(4Z)-4-(4-aminobenzylidene)-2-[(1R,2R)-1-amino-2-hydroxypropyl]-5-oxo-4,5-dihydro-1H-imidazol-1-yl}acetic acid",L-PEPTIDE LINKING,"GLY, TYR, GLY",C15 H18 N4 O4,2013-02-21,2024-09-27,True,https://www.rcsb.org/ligand/CQ2,identity-classification-recheck
CR7,"[(4Z)-2-[(1S)-1,5-DIAMINOPENTYL]-4-(4-HYDROXYBENZYLIDENE)-5-OXO-4,5-DIHYDRO-1H-IMIDAZOL-1-YL]ACETIC ACID",L-PEPTIDE LINKING,"LYS, TYR, GLY",C17 H22 N4 O4,2005-07-01,2024-09-27,True,https://www.rcsb.org/ligand/CR7,identity-classification-recheck
CR8,"2-[1-AMINO-2-(1H-IMIDAZOL-5-YL)ETHYL]-1-(CARBOXYMETHYL)-4-[(4-OXOCYCLOHEXA-2,5-DIEN-1-YLIDENE)METHYL]-1H-IMIDAZOL-5-OLATE",L-PEPTIDE LINKING,"HIS, TYR, GLY",C17 H16 N5 O4,2005-06-14,2024-09-27,True,https://www.rcsb.org/ligand/CR8,identity-classification-recheck
CRF,"[(4Z)-2-[(1R,2R)-1-amino-2-hydroxypropyl]-4-(1H-indol-3-ylmethylidene)-5-oxo-4,5-dihydro-1H-imidazol-1-yl]acetic acid",L-PEPTIDE LINKING,"THR, TRP, GLY",C17 H18 N4 O4,2003-09-08,2024-09-27,True,https://www.rcsb.org/ligand/CRF,identity-classification-recheck
CRK,"4-{(Z)-[2-[3-(METHYLSULFANYL)PROPANOYL]-5-OXO-1-(2-OXOETHYL)-1,5-DIHYDRO-4H-IMIDAZOL-4-YLIDENE]METHYL}BENZENOLATE",L-PEPTIDE LINKING,"MET, TYR, GLY",C16 H15 N2 O5 S,2004-10-11,2024-09-27,True,https://www.rcsb.org/ligand/CRK,identity-classification-recheck
CRO,"{2-[(1R,2R)-1-amino-2-hydroxypropyl]-4-(4-hydroxybenzylidene)-5-oxo-4,5-dihydro-1H-imidazol-1-yl}acetic acid",L-PEPTIDE LINKING,"THR, TYR, GLY",C15 H17 N3 O5,1999-07-08,2024-09-27,True,https://www.rcsb.org/ligand/CRO,identity-classification-recheck
CRQ,"[2-(3-CARBAMOYL-1-IMINO-PROPYL)-4-(4-HYDROXY-BENZYLIDENE)-5-OXO-4,5-DIHYDRO-IMIDAZOL-1-YL]-ACETIC ACID",L-PEPTIDE LINKING,"GLN, TYR, GLY",C16 H16 N4 O5,2000-10-19,2024-09-27,True,https://www.rcsb.org/ligand/CRQ,identity-classification-recheck
CRU,"4-[(4Z)-1-(CARBOXYMETHYL)-4-(4-HYDROXYBENZYLIDENE)-5-OXO-4,5-DIHYDRO-1H-IMIDAZOL-2-YL]-4-IMINOBUTANOIC ACID",L-PEPTIDE LINKING,"GLU, TYR, GLY",C16 H15 N3 O6,2005-03-03,2024-09-27,True,https://www.rcsb.org/ligand/CRU,identity-classification-recheck
CY5,"[(2S)-2-[(1R)-1-AMINO-2-MERCAPTOETHYL]-4-(4-HYDROXYBENZYL)-5-OXO-2,5-DIHYDRO-1H-IMIDAZOL-1-YL]ACETIC ACID",D-PEPTIDE LINKING,?,C14 H17 N3 O4 S,2007-05-22,2026-02-13,True,https://www.rcsb.org/ligand/CY5,identity-classification-recheck
CZO,"[(2R,4S)-2-[(1S,2R)-1-amino-2-hydroxypropyl]-2-hydroxy-4-(4-hydroxybenzyl)-5-oxoimidazolidin-1-yl]acetic acid",L-PEPTIDE LINKING,"GLY, TYR, GLY",C15 H21 N3 O6,2008-12-17,2024-09-27,True,https://www.rcsb.org/ligand/CZO,identity-classification-recheck
DHL,2-AMINO-ETHANETHIOL,L-PEPTIDE LINKING,?,C2 H7 N S,1999-11-22,2025-04-09,True,https://www.rcsb.org/ligand/DHL,identity-classification-recheck
DHP,"3-DECYL-2,5-DIOXO-4-HYDROXY-3-PYRROLINE",L-PEPTIDE LINKING,?,C14 H23 N O3,1999-07-08,2011-06-04,True,https://www.rcsb.org/ligand/DHP,identity-classification-recheck
DYG,(3S)-3-amino-3-[(4Z)-1-(carboxymethyl)-4-[(4-hydroxyphenyl)methylidene]-5-oxo-imidazol-2-yl]propanoic acid,L-PEPTIDE LINKING,"ASP, TYR, GLY",C15 H15 N3 O6,2004-10-25,2024-09-27,True,https://www.rcsb.org/ligand/DYG,identity-classification-recheck
EJM,L-norleucine aldehyde,L-peptide linking,?,C6 H13 N O,2022-01-11,2024-09-27,True,https://www.rcsb.org/ligand/EJM,identity-classification-recheck
ERL,"(1S,2S)-2-azanyl-1-oxidanyl-hexane-1-sulfonic acid",L-peptide linking,?,C6 H15 N O4 S,2022-01-12,2022-08-26,True,https://www.rcsb.org/ligand/ERL,identity-classification-recheck
EYG,"{(2R,4Z)-2-[(1R)-1-amino-3-(methylsulfanyl)propyl]-2-hydroxy-4-[(4-hydroxyphenyl)methylidene]-5-oxoimidazolidin-1-yl}acetic acid",L-PEPTIDE LINKING,"MET, TYR, GLY",C16 H21 N3 O5 S,2010-08-24,2024-09-27,True,https://www.rcsb.org/ligand/EYG,identity-classification-recheck
F0G,(E)-N-({3-hydroxy-2-methyl-5-[(phosphonooxy)methyl]pyridin-4-yl}methylidene)-L-alanine,L-peptide linking,?,C11 H15 N2 O7 P,2018-02-22,2020-06-17,True,https://www.rcsb.org/ligand/F0G,identity-classification-recheck
FHE,2-[(4~{Z})-2-[(1~{R})-1-azanyl-2-oxidanylidene-propyl]-4-[[4-[(2-nitrophenyl)methoxy]phenyl]methylidene]-5-oxidanylidene-imidazol-1-yl]ethanoic acid,L-peptide linking,"THR, TYR, GLY",C22 H20 N4 O7,2018-07-06,2024-09-27,True,https://www.rcsb.org/ligand/FHE,identity-classification-recheck
FRD,1-PHENYL-2-AMINOPROPANE,L-PEPTIDE LINKING,?,C9 H13 N,1999-07-08,2024-09-27,True,https://www.rcsb.org/ligand/FRD,identity-classification-recheck
GMO,"{(4Z)-2-[(1R,2R)-1-amino-2-hydroxypropyl]-4-[(4-nitrophenyl)methylidene]-5-oxo-4,5-dihydro-1H-imidazol-1-yl}acetic acid",L-peptide linking,"THR, TYR, GLY",C15 H16 N4 O6,2017-10-13,2024-09-27,True,https://www.rcsb.org/ligand/GMO,identity-classification-recheck
GYC,"[(4Z)-2-[(1R)-1-AMINO-2-MERCAPTOETHYL]-4-(4-HYDROXYBENZYLIDENE)-5-OXO-4,5-DIHYDRO-1H-IMIDAZOL-1-YL]ACETIC ACID",L-PEPTIDE LINKING,"CYS, TYR, GLY",C14 H15 N3 O4 S,2006-05-30,2024-09-27,True,https://www.rcsb.org/ligand/GYC,identity-classification-recheck
GYS,"[(4Z)-2-(1-AMINO-2-HYDROXYETHYL)-4-(4-HYDROXYBENZYLIDENE)-5-OXO-4,5-DIHYDRO-1H-IMIDAZOL-1-YL]ACETIC ACID",L-PEPTIDE LINKING,"SER, TYR, GLY",C14 H15 N3 O5,2006-05-30,2024-09-27,True,https://www.rcsb.org/ligand/GYS,identity-classification-recheck
HM8,"2-[(1S,2R)-1-amino-2-(sulfooxy)propyl]-5-hydroxy-1,3-oxazole-4-carbothioic O-acid",L-PEPTIDE LINKING,?,C7 H10 N2 O7 S2,2011-04-18,2024-09-27,True,https://www.rcsb.org/ligand/HM8,identity-classification-recheck
HM9,"6-(3-CARBAMIMIDAMIDOPROPYL)-3,5-DIHYDROXYPYRAZINE-2-CARBOTHIOIC S-ACID",L-PEPTIDE LINKING,?,C9 H13 N5 O3 S,2011-04-18,2024-09-27,True,https://www.rcsb.org/ligand/HM9,identity-classification-recheck
I1C,"{(4Z)-2-[(1R,2R)-1-amino-2-hydroxypropyl]-4-[(4-hydroxy-3-iodophenyl)methylidene]-5-oxo-4,5-dihydro-1H-imidazol-1-yl}acetic acid",L-peptide linking,"Thr,Tyr,Gly",C15 H16 I N3 O5,2019-04-02,2024-09-27,True,https://www.rcsb.org/ligand/I1C,identity-classification-recheck
IYT,"N-ALPHA-ACETYL-3,5-DIIODOTYROSYL-D-THREONINE",D-PEPTIDE LINKING,?,C15 H18 I2 N2 O6,2004-03-03,2020-06-17,True,https://www.rcsb.org/ligand/IYT,identity-classification-recheck
KBS,2-[(4-methoxyphenyl)sulfanyl]-5-[methyl(propan-2-yl)sulfamoyl]benzoic acid,PEPTIDE LINKING,?,C18 H21 N O5 S2,2018-11-19,2019-06-21,True,https://www.rcsb.org/ligand/KBS,identity-classification-recheck
KWS,"{2-[(1R,2R)-1-amino-2-hydroxypropyl]-4-methylidene-5-oxo-4,5-dihydro-1H-imidazol-1-yl}acetic acid",L-peptide linking,"THR, SER, GLY",C9 H13 N3 O4,2011-11-18,2024-09-27,True,https://www.rcsb.org/ligand/KWS,identity-classification-recheck
KXV,,L-peptide linking,?,C15 H17 N3 O5 S,2019-01-23,2024-09-27,True,https://www.rcsb.org/ligand/KXV,identity-classification-recheck
KY4,"{(4Z)-2-[(1R)-1-amino-2-sulfanylethyl]-4-[(2,3-difluoro-4-hydroxyphenyl)methylidene]-5-oxo-4,5-dihydro-1H-imidazol-1-yl}acetic acid",L-peptide linking,?,C14 H13 F2 N3 O4 S,2019-01-23,2024-09-27,True,https://www.rcsb.org/ligand/KY4,identity-classification-recheck
KY7,"{(4Z)-2-[(1S)-1-amino-2-sulfanylethyl]-4-[(4-hydroxy-3-nitrophenyl)methylidene]-5-oxo-4,5-dihydro-1H-imidazol-1-yl}acetic acid",L-peptide linking,?,C14 H14 N4 O6 S,2019-01-23,2024-09-27,True,https://www.rcsb.org/ligand/KY7,identity-classification-recheck
KZ1,"{(4Z)-2-[(1R)-1-amino-2-sulfanylethyl]-5-oxo-4-[(2,3,5-trifluoro-4-hydroxyphenyl)methylidene]-4,5-dihydro-1H-imidazol-1-yl}acetic acid",L-peptide linking,"CYS, TYR, GLY",C14 H12 F3 N3 O4 S,2019-01-25,2024-09-27,True,https://www.rcsb.org/ligand/KZ1,identity-classification-recheck
KZ4,"{(4Z)-2-[(1R)-1-amino-2-sulfanylethyl]-4-[(3-bromo-4-hydroxyphenyl)methylidene]-5-oxo-4,5-dihydro-1H-imidazol-1-yl}acetic acid",L-peptide linking,"CYS, TYR, GLY",C14 H14 Br N3 O4 S,2019-01-25,2024-09-27,True,https://www.rcsb.org/ligand/KZ4,identity-classification-recheck
KZ7,"{(4Z)-2-[(1R)-1-amino-2-sulfanylethyl]-4-[(3-chloro-4-hydroxyphenyl)methylidene]-5-oxo-4,5-dihydro-1H-imidazol-1-yl}acetic acid",L-peptide linking,"CYS, TYR, GLY",C14 H14 Cl N3 O4 S,2019-01-25,2024-09-27,True,https://www.rcsb.org/ligand/KZ7,identity-classification-recheck
KZG,,L-peptide linking,"CYS, TYR, GLY",C14 H14 I N3 O4 S,2019-01-28,2024-09-27,True,https://www.rcsb.org/ligand/KZG,identity-classification-recheck
KZV,,L-peptide linking,"CYS, TYR, GLY",C14 H14 F N3 O4 S,2019-01-28,2024-09-27,True,https://www.rcsb.org/ligand/KZV,identity-classification-recheck
KZY,"{(4Z)-2-[(1R)-1-amino-2-sulfanylethyl]-4-[(4-hydroxy-3-methylphenyl)methylidene]-5-oxo-4,5-dihydro-1H-imidazol-1-yl}acetic acid",L-peptide linking,"CYS, TYR, GLY",C15 H17 N3 O4 S,2019-01-28,2024-09-27,True,https://www.rcsb.org/ligand/KZY,identity-classification-recheck
L2A,"(2S,5S,8S,11S,15E,20S)-20-amino-2-(carboxymethyl)-11,20-dimethyl-5,8-bis(2-methylpropyl)-3,6,9,21-tetraoxo-1,4,7,10-tetraazacyclohenicos-15-ene-11-carboxylic acid",L-PEPTIDE LINKING,?,C30 H51 N5 O8,2008-03-20,2011-06-04,True,https://www.rcsb.org/ligand/L2A,identity-classification-recheck
LKE,2-[(4~{Z})-2-(aminomethyl)-4-[(4-azidophenyl)methylidene]-5-oxidanylidene-imidazol-1-yl]ethanoic acid,L-peptide linking,?,C13 H12 N6 O3,2019-08-21,2024-09-27,True,https://www.rcsb.org/ligand/LKE,identity-classification-recheck
LOU,"3-[(3aR,4S,7S,7aS)-2-(carboxymethyl)-1,3-dioxooctahydro-4H-4,7-epoxyisoindol-4-yl]-L-alanine",L-PEPTIDE LINKING,?,C13 H16 N2 O7,2019-07-01,2024-09-27,True,https://www.rcsb.org/ligand/LOU,identity-classification-recheck
LYV,O-phosphono-L-seryl-N-[(3S)-3-amino-3-carboxypropyl]glycinamide,L-PEPTIDE LINKING,?,C9 H19 N4 O8 P,2013-12-06,2024-09-27,True,https://www.rcsb.org/ligand/LYV,identity-classification-recheck
M3V,"{(4Z)-2-[(1R,2R)-1-amino-2-hydroxypropyl]-4-[(4-cyanophenyl)methylidene]-5-oxo-4,5-dihydro-1H-imidazol-1-yl}acetic acid",L-peptide linking,"THR, TYR, GLY",C16 H16 N4 O4,2019-03-21,2024-09-27,True,https://www.rcsb.org/ligand/M3V,identity-classification-recheck
MDO,"{2-[(1S)-1-aminoethyl]-4-methylidene-5-oxo-4,5-dihydro-1H-imidazol-1-yl}acetic acid",L-PEPTIDE LINKING,"ALA, SER, GLY",C8 H11 N3 O3,2001-08-15,2024-09-27,True,https://www.rcsb.org/ligand/MDO,identity-classification-recheck
MFC,"5-[1-(3-FLUORO-4-HYDROXY-PHENYL)-METH-(Z)-YLIDENE]-3,5-DIHYDRO-IMIDAZOL-4-ONE",L-PEPTIDE LINKING,"GLY, TYR, GLY",C15 H16 F N3 O5,2004-01-05,2024-09-27,True,https://www.rcsb.org/ligand/MFC,identity-classification-recheck
MFV,"{(4Z)-2-[(1R,2R)-1-amino-2-hydroxypropyl]-4-[(4-hydroxy-3-methylphenyl)methylidene]-5-oxo-4,5-dihydro-1H-imidazol-1-yl}acetic acid",L-peptide linking,"THR, TYR, GLY ",C16 H19 N3 O5,2019-04-02,2024-09-27,True,https://www.rcsb.org/ligand/MFV,identity-classification-recheck
MHY,"{(4Z)-2-[(1R,2R)-1-amino-2-hydroxypropyl]-4-[(3,5-difluoro-4-hydroxyphenyl)methylidene]-5-oxo-4,5-dihydro-1H-imidazol-1-yl}acetic acid",L-peptide linking,"Thr,Tyr,Gly",C15 H15 F2 N3 O5,2019-04-02,2024-09-27,True,https://www.rcsb.org/ligand/MHY,identity-classification-recheck
MJ1,"{(4Z)-2-[(1R,2R)-1-amino-2-hydroxypropyl]-4-[(2,3-difluoro-4-hydroxyphenyl)methylidene]-5-oxo-4,5-dihydro-1H-imidazol-1-yl}acetic acid",L-peptide linking,"Thr,Tyr,Gly",C15 H15 F2 N3 O5,2019-04-02,2024-09-27,True,https://www.rcsb.org/ligand/MJ1,identity-classification-recheck
MOD,L-METHIONYL ADENYLATE,L-PEPTIDE LINKING,?,C15 H27 N6 O7 P S,2003-05-30,2011-06-04,True,https://www.rcsb.org/ligand/MOD,identity-classification-recheck
MPH,(1-AMINO-3-METHYLSULFANYL-PROPYL)-PHOSPHONIC ACID,L-PEPTIDE LINKING,?,C4 H12 N O3 P S,1999-07-28,2021-03-01,True,https://www.rcsb.org/ligand/MPH,identity-classification-recheck
MPJ,(1-AMINO-3-METHYLSULFANYL-PROPYL)-PHOSPHINIC ACID,L-PEPTIDE LINKING,?,C4 H12 N O2 P S,1999-07-28,2020-06-17,True,https://www.rcsb.org/ligand/MPJ,identity-classification-recheck
MSP,5'-O-[(L-METHIONYL)-SULPHAMOYL]ADENOSINE,L-PEPTIDE LINKING,?,C15 H25 N7 O7 S2,2003-05-30,2011-06-04,True,https://www.rcsb.org/ligand/MSP,identity-classification-recheck
NB8,5'-O-[(R)-{[(2S)-2-amino-4-(hydroxyamino)-4-oxobutanoyl]oxy}(hydroxy)phosphoryl]adenosine,L-PEPTIDE LINKING,?,C14 H20 N7 O10 P,2010-10-10,2011-06-04,True,https://www.rcsb.org/ligand/NB8,identity-classification-recheck
NRP,"{4-[(4-hydroxyphenyl)methylidene]-2-[(1E)-3-methylbutanimidoyl]-5-oxo-4,5-dihydro-1H-imidazol-1-yl}acetic acid",L-peptide linking,"LEU,TYR,GLY",C17 H19 N3 O4,2010-04-07,2024-09-27,True,https://www.rcsb.org/ligand/NRP,identity-classification-recheck
NRQ,"{(4Z)-4-(4-hydroxybenzylidene)-2-[3-(methylthio)propanimidoyl]-5-oxo-4,5-dihydro-1H-imidazol-1-yl}acetic acid",L-PEPTIDE LINKING,"MET,TYR,GLY",C16 H17 N3 O4 S,2003-10-07,2024-09-27,True,https://www.rcsb.org/ligand/NRQ,identity-classification-recheck
NYG,"[(4Z)-2-[(1S)-1,3-DIAMINO-3-OXOPROPYL]-4-(4-HYDROXYBENZYLIDENE)-5-OXO-4,5-DIHYDRO-1H-IMIDAZOL-1-YL]ACETIC ACID",L-PEPTIDE LINKING,"ASN,TYR,GLY",C15 H16 N4 O5,2007-01-19,2024-09-27,True,https://www.rcsb.org/ligand/NYG,identity-classification-recheck
OFM,,L-PEPTIDE LINKING,"PHE, GLY, TYR, GLY",C24 H24 N4 O6,2014-04-30,2024-09-27,True,https://www.rcsb.org/ligand/OFM,identity-classification-recheck
OGZ,[3-(trifluoromethyl)phenyl]methanamine,L-peptide linking,?,C8 H8 F3 N,2020-03-09,2024-09-27,True,https://www.rcsb.org/ligand/OGZ,identity-classification-recheck
OHD,"{(4Z)-2-[(1S)-1-aminoethyl]-4-[(3-chloro-4-hydroxyphenyl)methylidene]-5-oxo-4,5-dihydro-1H-imidazol-1-yl}acetic acid",L-peptide linking,"ALA,TYR,GLY",C14 H14 Cl N3 O4,2019-06-25,2024-09-27,True,https://www.rcsb.org/ligand/OHD,identity-classification-recheck
OIM,"[(4Z)-2-{(2R,5R)-2-[(1S,2S)-1-amino-2-methylbutyl]-2-hydroxy-5-methyl-2,5-dihydro-1,3-oxazol-4-yl}-4-(4-hydroxybenzylidene)-5-oxo-4,5-dihydro-1H-imidazol-1-yl]acetic acid",L-PEPTIDE LINKING,"ILE, GLY, TYR, GLY",C21 H26 N4 O6,2014-04-30,2024-09-27,True,https://www.rcsb.org/ligand/OIM,identity-classification-recheck
PDD,N-(5'-PHOSPHOPYRIDOXYL)-D-ALANINE,D-PEPTIDE LINKING,?,C11 H17 N2 O7 P,2002-03-18,2024-09-27,True,https://www.rcsb.org/ligand/PDD,identity-classification-recheck
QC4,"{(4Z)-2-[(1R,2R)-1-amino-2-hydroxypropyl]-5-oxo-4-[(2,3,5-trifluoro-4-hydroxyphenyl)methylidene]-4,5-dihydro-1H-imidazol-1-yl}acetic acid",L-peptide linking,"THR, TYR, GLY",C15 H14 F3 N3 O5,2019-10-11,2024-09-27,True,https://www.rcsb.org/ligand/QC4,identity-classification-recheck
QCA,"{(4Z)-2-[(1R,2R)-1-amino-2-hydroxypropyl]-4-[(4-hydroxy-3-nitrophenyl)methylidene]-5-oxo-4,5-dihydro-1H-imidazol-1-yl}acetic acid",L-peptide linking,"THR, TYR, GLY",C15 H16 N4 O7,2019-10-11,2024-09-27,True,https://www.rcsb.org/ligand/QCA,identity-classification-recheck
QCD,,L-peptide linking,"THR, TYR, GLY",C16 H19 N3 O6,2019-10-11,2024-09-27,True,https://www.rcsb.org/ligand/QCD,identity-classification-recheck
QFG,"{(4E)-2-[(1E)-4-amino-4-oxobutanimidoyl]-4-benzylidene-5-oxo-4,5-dihydro-1H-imidazol-1-yl}acetic acid",L-PEPTIDE LINKING,"GLN, PHE, GLY",C16 H16 N4 O4,2011-10-13,2024-09-27,True,https://www.rcsb.org/ligand/QFG,identity-classification-recheck
QIP,2-[(2~{S})-2-(3-methylsulfanylpropanimidoyl)-2-oxidanyl-4-oxidanylidene-imidazolidin-1-yl]-2-oxidanylidene-ethanamide,L-peptide linking,"MET, TYR, GLY",C9 H14 N4 O4 S,2022-11-01,2024-09-27,True,https://www.rcsb.org/ligand/QIP,identity-classification-recheck
QYG,"{(4E)-2-[(1S)-1,4-diamino-4-oxobutyl]-4-[(4-hydroxyphenyl)methylidene]-5-oxo-4,5-dihydro-1H-imidazol-1-yl}acetic acid",L-peptide linking,"GLN, TYR, GLY",C16 H18 N4 O5,2019-01-16,2024-09-27,True,https://www.rcsb.org/ligand/QYG,identity-classification-recheck
QYX,2-[4-[(4-hydroxyphenyl)methyl]-2-(3-methylsulfanylpropanimidoyl)-5-oxidanylidene-imidazol-1-ium-1-yl]ethanoic acid,L-peptide linking,"MET, TYR, GLY",C16 H18 N3 O4 S,2022-11-18,2024-09-27,True,https://www.rcsb.org/ligand/QYX,identity-classification-recheck
SBD,D-NAPHTHYL-1-ACETAMIDO BORONIC ACID ALANINE,D-PEPTIDE LINKING,?,C17 H22 B N2 O6,1999-07-08,2024-09-27,True,https://www.rcsb.org/ligand/SBD,identity-classification-recheck
SD2,N-(SULFANYLACETYL)TYROSYLPROLYLMETHIONINAMIDE,L-PEPTIDE LINKING,?,C21 H30 N4 O5 S2,2003-07-10,2011-06-04,True,https://www.rcsb.org/ligand/SD2,identity-classification-recheck
SUB,3-PHENYL-2-{[4-(TOLUENE-4-SULFONYL)-THIOMORPHOLINE-3-CARBONYL]-AMINO}-PROPIONIC ACID ETHYL ESTER,L-PEPTIDE LINKING,?,C23 H28 N2 O5 S2,2001-10-18,2021-03-13,True,https://www.rcsb.org/ligand/SUB,identity-classification-recheck
SWG,2-[(4Z)-2-[(1R)-1-amino-2-hydroxy-ethyl]-4-(1H-indol-3-ylmethylidene)-5-oxo-imidazol-1-yl]ethanoic acid,L-PEPTIDE LINKING,"SER, TRP, GLY",C16 H16 N4 O4,2011-03-25,2024-09-27,True,https://www.rcsb.org/ligand/SWG,identity-classification-recheck
T66,2-AMINOETHYLLYSINE-CARBONYLMETHYLENE-THYMINE,L-PEPTIDE LINKING,?,C15 H25 N5 O5,2003-02-19,2024-09-27,True,https://www.rcsb.org/ligand/T66,identity-classification-recheck
THO,REDUCED THREONINE,L-PEPTIDE LINKING,?,C4 H11 N O2,1999-07-08,2024-09-27,True,https://www.rcsb.org/ligand/THO,identity-classification-recheck
TJI,ethyl 3-bromanyl-2-methyl-propanoate,peptide linking,?,C6 H11 Br O2,2023-01-06,2024-09-27,True,https://www.rcsb.org/ligand/TJI,identity-classification-recheck
V4F,8-(aminomethyl)-4-(phosphonomethoxy)quinoline-2-carboxylic acid,peptide linking,V4F,C12 H13 N2 O6 P,2023-02-21,2024-09-27,True,https://www.rcsb.org/ligand/V4F,identity-classification-recheck
V53,8-azanyl-4-(phosphonomethoxy)quinoline-2-carboxylic acid,peptide linking,ES1,C11 H11 N2 O6 P,2023-02-21,2024-09-27,True,https://www.rcsb.org/ligand/V53,identity-classification-recheck
VLM,VALINYLAMINE,L-PEPTIDE LINKING,?,C5 H12 N2 O,1999-07-08,2024-09-27,True,https://www.rcsb.org/ligand/VLM,identity-classification-recheck
VMS,5'O-[N-(L-VALYL)SULPHAMOYL]ADENOSINE,L-PEPTIDE LINKING,?,C15 H23 N7 O7 S,2004-06-09,2011-06-04,True,https://www.rcsb.org/ligand/VMS,identity-classification-recheck
VOL,L-VALINOL,L-PEPTIDE LINKING,?,C5 H13 N O,2002-06-26,2024-09-27,True,https://www.rcsb.org/ligand/VOL,identity-classification-recheck
VUB,2-[4-[(4-hydroxyphenyl)methyl]-2-(3-methylbutanimidoyl)-5-oxidanyl-imidazol-1-yl]ethanoic acid,L-peptide linking,"LEU,TYR,GLY",C17 H21 N3 O4,2023-04-05,2024-09-27,True,https://www.rcsb.org/ligand/VUB,identity-classification-recheck
VYA,2-[(4~{Z})-2-[(1~{S})-1-azanyl-3-methyl-butyl]-4-[(4-hydroxyphenyl)methylidene]-5-oxidanylidene-imidazol-1-yl]ethanoic acid,L-PEPTIDE LINKING,"LEU, TYR, GLY",C17 H21 N3 O4,2017-08-09,2024-09-27,True,https://www.rcsb.org/ligand/VYA,identity-classification-recheck
WCM,(2S)-2-amino-3-(biphenyl-4-yl)-N-methyl-N-[(2S)-1-oxopropan-2-yl]propanamide (non-preferred name),peptide linking,?,C19 H22 N2 O3,2020-10-13,2024-09-27,True,https://www.rcsb.org/ligand/WCM,identity-classification-recheck
X1B,"{(4Z)-2-[(1S)-1-amino-2-(1-methyl-1H-imidazol-5-yl)ethyl]-4-[(4-hydroxyphenyl)methylidene]-5-oxo-4,5-dihydro-1H-imidazol-1-yl}acetaldehyde",L-peptide linking,"HIS, TYR, GLY",C18 H19 N5 O4,2023-10-18,2024-09-27,True,https://www.rcsb.org/ligand/X1B,identity-classification-recheck
ZFB,(3R)-3-{[(BENZYLOXY)CARBONYL]AMINO}-2-OXO-4-PHENYLBUTANE-1-DIAZONIUM,L-PEPTIDE LINKING,?,C18 H18 N3 O3,2003-07-07,2024-09-27,True,https://www.rcsb.org/ligand/ZFB,identity-classification-recheck
ZT9,(2R)-amino(4-methoxyphenyl)ethanethioic O-acid,D-peptide linking,?,C9 H11 N O2 S,2023-03-30,2024-09-27,True,https://www.rcsb.org/ligand/ZT9,identity-classification-recheck
